2025-07-18 20:38:12,789 - __main__ - INFO - main:127 - Inicializando base de datos...
2025-07-18 20:38:12,789 - database.setup - INFO - init_db:59 - Creando motor de base de datos...
2025-07-18 20:38:15,661 - database.setup - CRITICAL - init_db:73 - Error crítico en init_db: [Errno 7] No address associated with hostname
2025-07-18 20:38:15,662 - __main__ - CRITICAL - main:221 - Error crítico en main(): [Errno 7] No address associated with hostname
Traceback (most recent call last):
  File "/data/data/com.termux/files/home/repos/Botmaestro2/mybot/bot.py", line 128, in main
    await init_db()
  File "/data/data/com.termux/files/home/repos/Botmaestro2/mybot/database/setup.py", line 66, in init_db
    async with _engine.begin() as conn:
               ^^^^^^^^^^^^^^^
  File "/data/data/com.termux/files/usr/lib/python3.12/contextlib.py", line 210, in __aenter__
    return await anext(self.gen)
           ^^^^^^^^^^^^^^^^^^^^^
  File "/data/data/com.termux/files/usr/lib/python3.12/site-packages/sqlalchemy/ext/asyncio/engine.py", line 1066, in begin
    async with conn:
               ^^^^
  File "/data/data/com.termux/files/usr/lib/python3.12/site-packages/sqlalchemy/ext/asyncio/base.py", line 121, in __aenter__
    return await self.start(is_ctxmanager=True)
           ^^^^^^^^^^^^^^^^^^^^^^^^^^^^^^^^^^^^
  File "/data/data/com.termux/files/usr/lib/python3.12/site-packages/sqlalchemy/ext/asyncio/engine.py", line 274, in start
    await greenlet_spawn(self.sync_engine.connect)
  File "/data/data/com.termux/files/usr/lib/python3.12/site-packages/sqlalchemy/util/_concurrency_py3k.py", line 201, in greenlet_spawn
    result = context.throw(*sys.exc_info())
             ^^^^^^^^^^^^^^^^^^^^^^^^^^^^^^
  File "/data/data/com.termux/files/usr/lib/python3.12/site-packages/sqlalchemy/engine/base.py", line 3273, in connect
    return self._connection_cls(self)
           ^^^^^^^^^^^^^^^^^^^^^^^^^^
  File "/data/data/com.termux/files/usr/lib/python3.12/site-packages/sqlalchemy/engine/base.py", line 145, in __init__
    self._dbapi_connection = engine.raw_connection()
                             ^^^^^^^^^^^^^^^^^^^^^^^
  File "/data/data/com.termux/files/usr/lib/python3.12/site-packages/sqlalchemy/engine/base.py", line 3297, in raw_connection
    return self.pool.connect()
           ^^^^^^^^^^^^^^^^^^^
  File "/data/data/com.termux/files/usr/lib/python3.12/site-packages/sqlalchemy/pool/base.py", line 449, in connect
    return _ConnectionFairy._checkout(self)
           ^^^^^^^^^^^^^^^^^^^^^^^^^^^^^^^^
  File "/data/data/com.termux/files/usr/lib/python3.12/site-packages/sqlalchemy/pool/base.py", line 1264, in _checkout
    fairy = _ConnectionRecord.checkout(pool)
            ^^^^^^^^^^^^^^^^^^^^^^^^^^^^^^^^
  File "/data/data/com.termux/files/usr/lib/python3.12/site-packages/sqlalchemy/pool/base.py", line 713, in checkout
    rec = pool._do_get()
          ^^^^^^^^^^^^^^
  File "/data/data/com.termux/files/usr/lib/python3.12/site-packages/sqlalchemy/pool/impl.py", line 308, in _do_get
    return self._create_connection()
           ^^^^^^^^^^^^^^^^^^^^^^^^^
  File "/data/data/com.termux/files/usr/lib/python3.12/site-packages/sqlalchemy/pool/base.py", line 390, in _create_connection
    return _ConnectionRecord(self)
           ^^^^^^^^^^^^^^^^^^^^^^^
  File "/data/data/com.termux/files/usr/lib/python3.12/site-packages/sqlalchemy/pool/base.py", line 675, in __init__
    self.__connect()
  File "/data/data/com.termux/files/usr/lib/python3.12/site-packages/sqlalchemy/pool/base.py", line 901, in __connect
    with util.safe_reraise():
         ^^^^^^^^^^^^^^^^^^^
  File "/data/data/com.termux/files/usr/lib/python3.12/site-packages/sqlalchemy/util/langhelpers.py", line 224, in __exit__
    raise exc_value.with_traceback(exc_tb)
  File "/data/data/com.termux/files/usr/lib/python3.12/site-packages/sqlalchemy/pool/base.py", line 897, in __connect
    self.dbapi_connection = connection = pool._invoke_creator(self)
                                         ^^^^^^^^^^^^^^^^^^^^^^^^^^
  File "/data/data/com.termux/files/usr/lib/python3.12/site-packages/sqlalchemy/engine/create.py", line 646, in connect
    return dialect.connect(*cargs, **cparams)
           ^^^^^^^^^^^^^^^^^^^^^^^^^^^^^^^^^^
  File "/data/data/com.termux/files/usr/lib/python3.12/site-packages/sqlalchemy/engine/default.py", line 625, in connect
    return self.loaded_dbapi.connect(*cargs, **cparams)  # type: ignore[no-any-return]  # NOQA: E501
           ^^^^^^^^^^^^^^^^^^^^^^^^^^^^^^^^^^^^^^^^^^^^
  File "/data/data/com.termux/files/usr/lib/python3.12/site-packages/sqlalchemy/dialects/postgresql/asyncpg.py", line 961, in connect
    await_only(creator_fn(*arg, **kw)),
    ^^^^^^^^^^^^^^^^^^^^^^^^^^^^^^^^^^
  File "/data/data/com.termux/files/usr/lib/python3.12/site-packages/sqlalchemy/util/_concurrency_py3k.py", line 132, in await_only
    return current.parent.switch(awaitable)  # type: ignore[no-any-return,attr-defined] # noqa: E501
           ^^^^^^^^^^^^^^^^^^^^^^^^^^^^^^^^
  File "/data/data/com.termux/files/usr/lib/python3.12/site-packages/sqlalchemy/util/_concurrency_py3k.py", line 196, in greenlet_spawn
    value = await result
            ^^^^^^^^^^^^
  File "/data/data/com.termux/files/usr/lib/python3.12/site-packages/asyncpg/connection.py", line 2421, in connect
    return await connect_utils._connect(
           ^^^^^^^^^^^^^^^^^^^^^^^^^^^^^
  File "/data/data/com.termux/files/usr/lib/python3.12/site-packages/asyncpg/connect_utils.py", line 1075, in _connect
    raise last_error or exceptions.TargetServerAttributeNotMatched(
  File "/data/data/com.termux/files/usr/lib/python3.12/site-packages/asyncpg/connect_utils.py", line 1049, in _connect
    conn = await _connect_addr(
           ^^^^^^^^^^^^^^^^^^^^
  File "/data/data/com.termux/files/usr/lib/python3.12/site-packages/asyncpg/connect_utils.py", line 886, in _connect_addr
    return await __connect_addr(params, True, *args)
           ^^^^^^^^^^^^^^^^^^^^^^^^^^^^^^^^^^^^^^^^^
  File "/data/data/com.termux/files/usr/lib/python3.12/site-packages/asyncpg/connect_utils.py", line 931, in __connect_addr
    tr, pr = await connector
             ^^^^^^^^^^^^^^^
  File "/data/data/com.termux/files/usr/lib/python3.12/site-packages/asyncpg/connect_utils.py", line 802, in _create_ssl_connection
    tr, pr = await loop.create_connection(
             ^^^^^^^^^^^^^^^^^^^^^^^^^^^^^
  File "/data/data/com.termux/files/usr/lib/python3.12/asyncio/base_events.py", line 1083, in create_connection
    infos = await self._ensure_resolved(
            ^^^^^^^^^^^^^^^^^^^^^^^^^^^^
  File "/data/data/com.termux/files/usr/lib/python3.12/asyncio/base_events.py", line 1466, in _ensure_resolved
    return await loop.getaddrinfo(host, port, family=family, type=type,
           ^^^^^^^^^^^^^^^^^^^^^^^^^^^^^^^^^^^^^^^^^^^^^^^^^^^^^^^^^^^^
  File "/data/data/com.termux/files/usr/lib/python3.12/asyncio/base_events.py", line 905, in getaddrinfo
    return await self.run_in_executor(
           ^^^^^^^^^^^^^^^^^^^^^^^^^^^
  File "/data/data/com.termux/files/usr/lib/python3.12/concurrent/futures/thread.py", line 59, in run
    result = self.fn(*self.args, **self.kwargs)
             ^^^^^^^^^^^^^^^^^^^^^^^^^^^^^^^^^^
  File "/data/data/com.termux/files/usr/lib/python3.12/socket.py", line 978, in getaddrinfo
    for res in _socket.getaddrinfo(host, port, family, type, proto, flags):
               ^^^^^^^^^^^^^^^^^^^^^^^^^^^^^^^^^^^^^^^^^^^^^^^^^^^^^^^^^^^
socket.gaierror: [Errno 7] No address associated with hostname
2025-07-18 20:38:15,715 - __main__ - INFO - main:224 - Cerrando bot...
2025-07-18 20:38:15,716 - __main__ - ERROR - main:230 - Error durante el cierre: cannot access local variable 'task_manager' where it is not associated with a value
Traceback (most recent call last):
  File "/data/data/com.termux/files/home/repos/Botmaestro2/mybot/bot.py", line 128, in main
    await init_db()
  File "/data/data/com.termux/files/home/repos/Botmaestro2/mybot/database/setup.py", line 66, in init_db
    async with _engine.begin() as conn:
               ^^^^^^^^^^^^^^^
  File "/data/data/com.termux/files/usr/lib/python3.12/contextlib.py", line 210, in __aenter__
    return await anext(self.gen)
           ^^^^^^^^^^^^^^^^^^^^^
  File "/data/data/com.termux/files/usr/lib/python3.12/site-packages/sqlalchemy/ext/asyncio/engine.py", line 1066, in begin
    async with conn:
               ^^^^
  File "/data/data/com.termux/files/usr/lib/python3.12/site-packages/sqlalchemy/ext/asyncio/base.py", line 121, in __aenter__
    return await self.start(is_ctxmanager=True)
           ^^^^^^^^^^^^^^^^^^^^^^^^^^^^^^^^^^^^
  File "/data/data/com.termux/files/usr/lib/python3.12/site-packages/sqlalchemy/ext/asyncio/engine.py", line 274, in start
    await greenlet_spawn(self.sync_engine.connect)
  File "/data/data/com.termux/files/usr/lib/python3.12/site-packages/sqlalchemy/util/_concurrency_py3k.py", line 201, in greenlet_spawn
    result = context.throw(*sys.exc_info())
             ^^^^^^^^^^^^^^^^^^^^^^^^^^^^^^
  File "/data/data/com.termux/files/usr/lib/python3.12/site-packages/sqlalchemy/engine/base.py", line 3273, in connect
    return self._connection_cls(self)
           ^^^^^^^^^^^^^^^^^^^^^^^^^^
  File "/data/data/com.termux/files/usr/lib/python3.12/site-packages/sqlalchemy/engine/base.py", line 145, in __init__
    self._dbapi_connection = engine.raw_connection()
                             ^^^^^^^^^^^^^^^^^^^^^^^
  File "/data/data/com.termux/files/usr/lib/python3.12/site-packages/sqlalchemy/engine/base.py", line 3297, in raw_connection
    return self.pool.connect()
           ^^^^^^^^^^^^^^^^^^^
  File "/data/data/com.termux/files/usr/lib/python3.12/site-packages/sqlalchemy/pool/base.py", line 449, in connect
    return _ConnectionFairy._checkout(self)
           ^^^^^^^^^^^^^^^^^^^^^^^^^^^^^^^^
  File "/data/data/com.termux/files/usr/lib/python3.12/site-packages/sqlalchemy/pool/base.py", line 1264, in _checkout
    fairy = _ConnectionRecord.checkout(pool)
            ^^^^^^^^^^^^^^^^^^^^^^^^^^^^^^^^
  File "/data/data/com.termux/files/usr/lib/python3.12/site-packages/sqlalchemy/pool/base.py", line 713, in checkout
    rec = pool._do_get()
          ^^^^^^^^^^^^^^
  File "/data/data/com.termux/files/usr/lib/python3.12/site-packages/sqlalchemy/pool/impl.py", line 308, in _do_get
    return self._create_connection()
           ^^^^^^^^^^^^^^^^^^^^^^^^^
  File "/data/data/com.termux/files/usr/lib/python3.12/site-packages/sqlalchemy/pool/base.py", line 390, in _create_connection
    return _ConnectionRecord(self)
           ^^^^^^^^^^^^^^^^^^^^^^^
  File "/data/data/com.termux/files/usr/lib/python3.12/site-packages/sqlalchemy/pool/base.py", line 675, in __init__
    self.__connect()
  File "/data/data/com.termux/files/usr/lib/python3.12/site-packages/sqlalchemy/pool/base.py", line 901, in __connect
    with util.safe_reraise():
         ^^^^^^^^^^^^^^^^^^^
  File "/data/data/com.termux/files/usr/lib/python3.12/site-packages/sqlalchemy/util/langhelpers.py", line 224, in __exit__
    raise exc_value.with_traceback(exc_tb)
  File "/data/data/com.termux/files/usr/lib/python3.12/site-packages/sqlalchemy/pool/base.py", line 897, in __connect
    self.dbapi_connection = connection = pool._invoke_creator(self)
                                         ^^^^^^^^^^^^^^^^^^^^^^^^^^
  File "/data/data/com.termux/files/usr/lib/python3.12/site-packages/sqlalchemy/engine/create.py", line 646, in connect
    return dialect.connect(*cargs, **cparams)
           ^^^^^^^^^^^^^^^^^^^^^^^^^^^^^^^^^^
  File "/data/data/com.termux/files/usr/lib/python3.12/site-packages/sqlalchemy/engine/default.py", line 625, in connect
    return self.loaded_dbapi.connect(*cargs, **cparams)  # type: ignore[no-any-return]  # NOQA: E501
           ^^^^^^^^^^^^^^^^^^^^^^^^^^^^^^^^^^^^^^^^^^^^
  File "/data/data/com.termux/files/usr/lib/python3.12/site-packages/sqlalchemy/dialects/postgresql/asyncpg.py", line 961, in connect
    await_only(creator_fn(*arg, **kw)),
    ^^^^^^^^^^^^^^^^^^^^^^^^^^^^^^^^^^
  File "/data/data/com.termux/files/usr/lib/python3.12/site-packages/sqlalchemy/util/_concurrency_py3k.py", line 132, in await_only
    return current.parent.switch(awaitable)  # type: ignore[no-any-return,attr-defined] # noqa: E501
           ^^^^^^^^^^^^^^^^^^^^^^^^^^^^^^^^
  File "/data/data/com.termux/files/usr/lib/python3.12/site-packages/sqlalchemy/util/_concurrency_py3k.py", line 196, in greenlet_spawn
    value = await result
            ^^^^^^^^^^^^
  File "/data/data/com.termux/files/usr/lib/python3.12/site-packages/asyncpg/connection.py", line 2421, in connect
    return await connect_utils._connect(
           ^^^^^^^^^^^^^^^^^^^^^^^^^^^^^
  File "/data/data/com.termux/files/usr/lib/python3.12/site-packages/asyncpg/connect_utils.py", line 1075, in _connect
    raise last_error or exceptions.TargetServerAttributeNotMatched(
  File "/data/data/com.termux/files/usr/lib/python3.12/site-packages/asyncpg/connect_utils.py", line 1049, in _connect
    conn = await _connect_addr(
           ^^^^^^^^^^^^^^^^^^^^
  File "/data/data/com.termux/files/usr/lib/python3.12/site-packages/asyncpg/connect_utils.py", line 886, in _connect_addr
    return await __connect_addr(params, True, *args)
           ^^^^^^^^^^^^^^^^^^^^^^^^^^^^^^^^^^^^^^^^^
  File "/data/data/com.termux/files/usr/lib/python3.12/site-packages/asyncpg/connect_utils.py", line 931, in __connect_addr
    tr, pr = await connector
             ^^^^^^^^^^^^^^^
  File "/data/data/com.termux/files/usr/lib/python3.12/site-packages/asyncpg/connect_utils.py", line 802, in _create_ssl_connection
    tr, pr = await loop.create_connection(
             ^^^^^^^^^^^^^^^^^^^^^^^^^^^^^
  File "/data/data/com.termux/files/usr/lib/python3.12/asyncio/base_events.py", line 1083, in create_connection
    infos = await self._ensure_resolved(
            ^^^^^^^^^^^^^^^^^^^^^^^^^^^^
  File "/data/data/com.termux/files/usr/lib/python3.12/asyncio/base_events.py", line 1466, in _ensure_resolved
    return await loop.getaddrinfo(host, port, family=family, type=type,
           ^^^^^^^^^^^^^^^^^^^^^^^^^^^^^^^^^^^^^^^^^^^^^^^^^^^^^^^^^^^^
  File "/data/data/com.termux/files/usr/lib/python3.12/asyncio/base_events.py", line 905, in getaddrinfo
    return await self.run_in_executor(
           ^^^^^^^^^^^^^^^^^^^^^^^^^^^
  File "/data/data/com.termux/files/usr/lib/python3.12/concurrent/futures/thread.py", line 59, in run
    result = self.fn(*self.args, **self.kwargs)
             ^^^^^^^^^^^^^^^^^^^^^^^^^^^^^^^^^^
  File "/data/data/com.termux/files/usr/lib/python3.12/socket.py", line 978, in getaddrinfo
    for res in _socket.getaddrinfo(host, port, family, type, proto, flags):
               ^^^^^^^^^^^^^^^^^^^^^^^^^^^^^^^^^^^^^^^^^^^^^^^^^^^^^^^^^^^
socket.gaierror: [Errno 7] No address associated with hostname

During handling of the above exception, another exception occurred:

Traceback (most recent call last):
  File "/data/data/com.termux/files/home/repos/Botmaestro2/mybot/bot.py", line 226, in main
    await task_manager.shutdown()
          ^^^^^^^^^^^^
UnboundLocalError: cannot access local variable 'task_manager' where it is not associated with a value
2025-07-18 20:38:15,735 - root - CRITICAL - <module>:239 - Error fatal: [Errno 7] No address associated with hostname
Traceback (most recent call last):
  File "/data/data/com.termux/files/home/repos/Botmaestro2/mybot/bot.py", line 235, in <module>
    asyncio.run(main())
  File "/data/data/com.termux/files/usr/lib/python3.12/asyncio/runners.py", line 195, in run
    return runner.run(main)
           ^^^^^^^^^^^^^^^^
  File "/data/data/com.termux/files/usr/lib/python3.12/asyncio/runners.py", line 118, in run
    return self._loop.run_until_complete(task)
           ^^^^^^^^^^^^^^^^^^^^^^^^^^^^^^^^^^^
  File "/data/data/com.termux/files/usr/lib/python3.12/asyncio/base_events.py", line 691, in run_until_complete
    return future.result()
           ^^^^^^^^^^^^^^^
  File "/data/data/com.termux/files/home/repos/Botmaestro2/mybot/bot.py", line 128, in main
    await init_db()
  File "/data/data/com.termux/files/home/repos/Botmaestro2/mybot/database/setup.py", line 66, in init_db
    async with _engine.begin() as conn:
               ^^^^^^^^^^^^^^^
  File "/data/data/com.termux/files/usr/lib/python3.12/contextlib.py", line 210, in __aenter__
    return await anext(self.gen)
           ^^^^^^^^^^^^^^^^^^^^^
  File "/data/data/com.termux/files/usr/lib/python3.12/site-packages/sqlalchemy/ext/asyncio/engine.py", line 1066, in begin
    async with conn:
               ^^^^
  File "/data/data/com.termux/files/usr/lib/python3.12/site-packages/sqlalchemy/ext/asyncio/base.py", line 121, in __aenter__
    return await self.start(is_ctxmanager=True)
           ^^^^^^^^^^^^^^^^^^^^^^^^^^^^^^^^^^^^
  File "/data/data/com.termux/files/usr/lib/python3.12/site-packages/sqlalchemy/ext/asyncio/engine.py", line 274, in start
    await greenlet_spawn(self.sync_engine.connect)
  File "/data/data/com.termux/files/usr/lib/python3.12/site-packages/sqlalchemy/util/_concurrency_py3k.py", line 201, in greenlet_spawn
    result = context.throw(*sys.exc_info())
             ^^^^^^^^^^^^^^^^^^^^^^^^^^^^^^
  File "/data/data/com.termux/files/usr/lib/python3.12/site-packages/sqlalchemy/engine/base.py", line 3273, in connect
    return self._connection_cls(self)
           ^^^^^^^^^^^^^^^^^^^^^^^^^^
  File "/data/data/com.termux/files/usr/lib/python3.12/site-packages/sqlalchemy/engine/base.py", line 145, in __init__
    self._dbapi_connection = engine.raw_connection()
                             ^^^^^^^^^^^^^^^^^^^^^^^
  File "/data/data/com.termux/files/usr/lib/python3.12/site-packages/sqlalchemy/engine/base.py", line 3297, in raw_connection
    return self.pool.connect()
           ^^^^^^^^^^^^^^^^^^^
  File "/data/data/com.termux/files/usr/lib/python3.12/site-packages/sqlalchemy/pool/base.py", line 449, in connect
    return _ConnectionFairy._checkout(self)
           ^^^^^^^^^^^^^^^^^^^^^^^^^^^^^^^^
  File "/data/data/com.termux/files/usr/lib/python3.12/site-packages/sqlalchemy/pool/base.py", line 1264, in _checkout
    fairy = _ConnectionRecord.checkout(pool)
            ^^^^^^^^^^^^^^^^^^^^^^^^^^^^^^^^
  File "/data/data/com.termux/files/usr/lib/python3.12/site-packages/sqlalchemy/pool/base.py", line 713, in checkout
    rec = pool._do_get()
          ^^^^^^^^^^^^^^
  File "/data/data/com.termux/files/usr/lib/python3.12/site-packages/sqlalchemy/pool/impl.py", line 308, in _do_get
    return self._create_connection()
           ^^^^^^^^^^^^^^^^^^^^^^^^^
  File "/data/data/com.termux/files/usr/lib/python3.12/site-packages/sqlalchemy/pool/base.py", line 390, in _create_connection
    return _ConnectionRecord(self)
           ^^^^^^^^^^^^^^^^^^^^^^^
  File "/data/data/com.termux/files/usr/lib/python3.12/site-packages/sqlalchemy/pool/base.py", line 675, in __init__
    self.__connect()
  File "/data/data/com.termux/files/usr/lib/python3.12/site-packages/sqlalchemy/pool/base.py", line 901, in __connect
    with util.safe_reraise():
         ^^^^^^^^^^^^^^^^^^^
  File "/data/data/com.termux/files/usr/lib/python3.12/site-packages/sqlalchemy/util/langhelpers.py", line 224, in __exit__
    raise exc_value.with_traceback(exc_tb)
  File "/data/data/com.termux/files/usr/lib/python3.12/site-packages/sqlalchemy/pool/base.py", line 897, in __connect
    self.dbapi_connection = connection = pool._invoke_creator(self)
                                         ^^^^^^^^^^^^^^^^^^^^^^^^^^
  File "/data/data/com.termux/files/usr/lib/python3.12/site-packages/sqlalchemy/engine/create.py", line 646, in connect
    return dialect.connect(*cargs, **cparams)
           ^^^^^^^^^^^^^^^^^^^^^^^^^^^^^^^^^^
  File "/data/data/com.termux/files/usr/lib/python3.12/site-packages/sqlalchemy/engine/default.py", line 625, in connect
    return self.loaded_dbapi.connect(*cargs, **cparams)  # type: ignore[no-any-return]  # NOQA: E501
           ^^^^^^^^^^^^^^^^^^^^^^^^^^^^^^^^^^^^^^^^^^^^
  File "/data/data/com.termux/files/usr/lib/python3.12/site-packages/sqlalchemy/dialects/postgresql/asyncpg.py", line 961, in connect
    await_only(creator_fn(*arg, **kw)),
    ^^^^^^^^^^^^^^^^^^^^^^^^^^^^^^^^^^
  File "/data/data/com.termux/files/usr/lib/python3.12/site-packages/sqlalchemy/util/_concurrency_py3k.py", line 132, in await_only
    return current.parent.switch(awaitable)  # type: ignore[no-any-return,attr-defined] # noqa: E501
           ^^^^^^^^^^^^^^^^^^^^^^^^^^^^^^^^
  File "/data/data/com.termux/files/usr/lib/python3.12/site-packages/sqlalchemy/util/_concurrency_py3k.py", line 196, in greenlet_spawn
    value = await result
            ^^^^^^^^^^^^
  File "/data/data/com.termux/files/usr/lib/python3.12/site-packages/asyncpg/connection.py", line 2421, in connect
    return await connect_utils._connect(
           ^^^^^^^^^^^^^^^^^^^^^^^^^^^^^
  File "/data/data/com.termux/files/usr/lib/python3.12/site-packages/asyncpg/connect_utils.py", line 1075, in _connect
    raise last_error or exceptions.TargetServerAttributeNotMatched(
  File "/data/data/com.termux/files/usr/lib/python3.12/site-packages/asyncpg/connect_utils.py", line 1049, in _connect
    conn = await _connect_addr(
           ^^^^^^^^^^^^^^^^^^^^
  File "/data/data/com.termux/files/usr/lib/python3.12/site-packages/asyncpg/connect_utils.py", line 886, in _connect_addr
    return await __connect_addr(params, True, *args)
           ^^^^^^^^^^^^^^^^^^^^^^^^^^^^^^^^^^^^^^^^^
  File "/data/data/com.termux/files/usr/lib/python3.12/site-packages/asyncpg/connect_utils.py", line 931, in __connect_addr
    tr, pr = await connector
             ^^^^^^^^^^^^^^^
  File "/data/data/com.termux/files/usr/lib/python3.12/site-packages/asyncpg/connect_utils.py", line 802, in _create_ssl_connection
    tr, pr = await loop.create_connection(
             ^^^^^^^^^^^^^^^^^^^^^^^^^^^^^
  File "/data/data/com.termux/files/usr/lib/python3.12/asyncio/base_events.py", line 1083, in create_connection
    infos = await self._ensure_resolved(
            ^^^^^^^^^^^^^^^^^^^^^^^^^^^^
  File "/data/data/com.termux/files/usr/lib/python3.12/asyncio/base_events.py", line 1466, in _ensure_resolved
    return await loop.getaddrinfo(host, port, family=family, type=type,
           ^^^^^^^^^^^^^^^^^^^^^^^^^^^^^^^^^^^^^^^^^^^^^^^^^^^^^^^^^^^^
  File "/data/data/com.termux/files/usr/lib/python3.12/asyncio/base_events.py", line 905, in getaddrinfo
    return await self.run_in_executor(
           ^^^^^^^^^^^^^^^^^^^^^^^^^^^
  File "/data/data/com.termux/files/usr/lib/python3.12/concurrent/futures/thread.py", line 59, in run
    result = self.fn(*self.args, **self.kwargs)
             ^^^^^^^^^^^^^^^^^^^^^^^^^^^^^^^^^^
  File "/data/data/com.termux/files/usr/lib/python3.12/socket.py", line 978, in getaddrinfo
    for res in _socket.getaddrinfo(host, port, family, type, proto, flags):
               ^^^^^^^^^^^^^^^^^^^^^^^^^^^^^^^^^^^^^^^^^^^^^^^^^^^^^^^^^^^
socket.gaierror: [Errno 7] No address associated with hostname
2025-09-11 18:18:04,133 - __main__ - INFO - main:143 - Inicializando base de datos...
2025-09-11 18:18:04,134 - database.setup - INFO - init_db:59 - Inicializando motor de base de datos PostgreSQL...
2025-09-11 18:18:04,275 - database.setup - CRITICAL - init_db:81 - Error crítico al inicializar la base de datos: password authentication failed for user "user"
2025-09-11 18:18:04,275 - __main__ - CRITICAL - main:242 - Error crítico en main(): password authentication failed for user "user"
Traceback (most recent call last):
  File "/home/azureuser/repos/bolt_ok/mybot/bot.py", line 144, in main
    await init_db()
  File "/home/azureuser/repos/bolt_ok/mybot/database/setup.py", line 73, in init_db
    async with _engine.begin() as conn:
  File "/usr/lib/python3.12/contextlib.py", line 210, in __aenter__
    return await anext(self.gen)
           ^^^^^^^^^^^^^^^^^^^^^
  File "/home/azureuser/repos/bolt_ok/mybot/venv/lib/python3.12/site-packages/sqlalchemy/ext/asyncio/engine.py", line 1066, in begin
    async with conn:
  File "/home/azureuser/repos/bolt_ok/mybot/venv/lib/python3.12/site-packages/sqlalchemy/ext/asyncio/base.py", line 121, in __aenter__
    return await self.start(is_ctxmanager=True)
           ^^^^^^^^^^^^^^^^^^^^^^^^^^^^^^^^^^^^
  File "/home/azureuser/repos/bolt_ok/mybot/venv/lib/python3.12/site-packages/sqlalchemy/ext/asyncio/engine.py", line 274, in start
    await greenlet_spawn(self.sync_engine.connect)
  File "/home/azureuser/repos/bolt_ok/mybot/venv/lib/python3.12/site-packages/sqlalchemy/util/_concurrency_py3k.py", line 201, in greenlet_spawn
    result = context.throw(*sys.exc_info())
             ^^^^^^^^^^^^^^^^^^^^^^^^^^^^^^
  File "/home/azureuser/repos/bolt_ok/mybot/venv/lib/python3.12/site-packages/sqlalchemy/engine/base.py", line 3277, in connect
    return self._connection_cls(self)
           ^^^^^^^^^^^^^^^^^^^^^^^^^^
  File "/home/azureuser/repos/bolt_ok/mybot/venv/lib/python3.12/site-packages/sqlalchemy/engine/base.py", line 143, in __init__
    self._dbapi_connection = engine.raw_connection()
                             ^^^^^^^^^^^^^^^^^^^^^^^
  File "/home/azureuser/repos/bolt_ok/mybot/venv/lib/python3.12/site-packages/sqlalchemy/engine/base.py", line 3301, in raw_connection
    return self.pool.connect()
           ^^^^^^^^^^^^^^^^^^^
  File "/home/azureuser/repos/bolt_ok/mybot/venv/lib/python3.12/site-packages/sqlalchemy/pool/base.py", line 447, in connect
    return _ConnectionFairy._checkout(self)
           ^^^^^^^^^^^^^^^^^^^^^^^^^^^^^^^^
  File "/home/azureuser/repos/bolt_ok/mybot/venv/lib/python3.12/site-packages/sqlalchemy/pool/base.py", line 1264, in _checkout
    fairy = _ConnectionRecord.checkout(pool)
            ^^^^^^^^^^^^^^^^^^^^^^^^^^^^^^^^
  File "/home/azureuser/repos/bolt_ok/mybot/venv/lib/python3.12/site-packages/sqlalchemy/pool/base.py", line 711, in checkout
    rec = pool._do_get()
          ^^^^^^^^^^^^^^
  File "/home/azureuser/repos/bolt_ok/mybot/venv/lib/python3.12/site-packages/sqlalchemy/pool/impl.py", line 306, in _do_get
    return self._create_connection()
           ^^^^^^^^^^^^^^^^^^^^^^^^^
  File "/home/azureuser/repos/bolt_ok/mybot/venv/lib/python3.12/site-packages/sqlalchemy/pool/base.py", line 388, in _create_connection
    return _ConnectionRecord(self)
           ^^^^^^^^^^^^^^^^^^^^^^^
  File "/home/azureuser/repos/bolt_ok/mybot/venv/lib/python3.12/site-packages/sqlalchemy/pool/base.py", line 673, in __init__
    self.__connect()
  File "/home/azureuser/repos/bolt_ok/mybot/venv/lib/python3.12/site-packages/sqlalchemy/pool/base.py", line 899, in __connect
    with util.safe_reraise():
  File "/home/azureuser/repos/bolt_ok/mybot/venv/lib/python3.12/site-packages/sqlalchemy/util/langhelpers.py", line 224, in __exit__
    raise exc_value.with_traceback(exc_tb)
  File "/home/azureuser/repos/bolt_ok/mybot/venv/lib/python3.12/site-packages/sqlalchemy/pool/base.py", line 895, in __connect
    self.dbapi_connection = connection = pool._invoke_creator(self)
                                         ^^^^^^^^^^^^^^^^^^^^^^^^^^
  File "/home/azureuser/repos/bolt_ok/mybot/venv/lib/python3.12/site-packages/sqlalchemy/engine/create.py", line 661, in connect
    return dialect.connect(*cargs, **cparams)
           ^^^^^^^^^^^^^^^^^^^^^^^^^^^^^^^^^^
  File "/home/azureuser/repos/bolt_ok/mybot/venv/lib/python3.12/site-packages/sqlalchemy/engine/default.py", line 629, in connect
    return self.loaded_dbapi.connect(*cargs, **cparams)  # type: ignore[no-any-return]  # NOQA: E501
           ^^^^^^^^^^^^^^^^^^^^^^^^^^^^^^^^^^^^^^^^^^^^
  File "/home/azureuser/repos/bolt_ok/mybot/venv/lib/python3.12/site-packages/sqlalchemy/dialects/postgresql/asyncpg.py", line 964, in connect
    await_only(creator_fn(*arg, **kw)),
    ^^^^^^^^^^^^^^^^^^^^^^^^^^^^^^^^^^
  File "/home/azureuser/repos/bolt_ok/mybot/venv/lib/python3.12/site-packages/sqlalchemy/util/_concurrency_py3k.py", line 132, in await_only
    return current.parent.switch(awaitable)  # type: ignore[no-any-return,attr-defined] # noqa: E501
           ^^^^^^^^^^^^^^^^^^^^^^^^^^^^^^^^
  File "/home/azureuser/repos/bolt_ok/mybot/venv/lib/python3.12/site-packages/sqlalchemy/util/_concurrency_py3k.py", line 196, in greenlet_spawn
    value = await result
            ^^^^^^^^^^^^
  File "/home/azureuser/repos/bolt_ok/mybot/venv/lib/python3.12/site-packages/asyncpg/connection.py", line 2421, in connect
    return await connect_utils._connect(
           ^^^^^^^^^^^^^^^^^^^^^^^^^^^^^
  File "/home/azureuser/repos/bolt_ok/mybot/venv/lib/python3.12/site-packages/asyncpg/connect_utils.py", line 1049, in _connect
    conn = await _connect_addr(
           ^^^^^^^^^^^^^^^^^^^^
  File "/home/azureuser/repos/bolt_ok/mybot/venv/lib/python3.12/site-packages/asyncpg/connect_utils.py", line 891, in _connect_addr
    return await __connect_addr(params_retry, False, *args)
           ^^^^^^^^^^^^^^^^^^^^^^^^^^^^^^^^^^^^^^^^^^^^^^^^
  File "/home/azureuser/repos/bolt_ok/mybot/venv/lib/python3.12/site-packages/asyncpg/connect_utils.py", line 934, in __connect_addr
    await connected
asyncpg.exceptions.InvalidPasswordError: password authentication failed for user "user"
2025-09-11 18:18:04,281 - __main__ - INFO - main:245 - Cerrando bot...
2025-09-11 18:18:04,281 - __main__ - ERROR - main:251 - Error durante el cierre: cannot access local variable 'task_manager' where it is not associated with a value
Traceback (most recent call last):
  File "/home/azureuser/repos/bolt_ok/mybot/bot.py", line 144, in main
    await init_db()
  File "/home/azureuser/repos/bolt_ok/mybot/database/setup.py", line 73, in init_db
    async with _engine.begin() as conn:
  File "/usr/lib/python3.12/contextlib.py", line 210, in __aenter__
    return await anext(self.gen)
           ^^^^^^^^^^^^^^^^^^^^^
  File "/home/azureuser/repos/bolt_ok/mybot/venv/lib/python3.12/site-packages/sqlalchemy/ext/asyncio/engine.py", line 1066, in begin
    async with conn:
  File "/home/azureuser/repos/bolt_ok/mybot/venv/lib/python3.12/site-packages/sqlalchemy/ext/asyncio/base.py", line 121, in __aenter__
    return await self.start(is_ctxmanager=True)
           ^^^^^^^^^^^^^^^^^^^^^^^^^^^^^^^^^^^^
  File "/home/azureuser/repos/bolt_ok/mybot/venv/lib/python3.12/site-packages/sqlalchemy/ext/asyncio/engine.py", line 274, in start
    await greenlet_spawn(self.sync_engine.connect)
  File "/home/azureuser/repos/bolt_ok/mybot/venv/lib/python3.12/site-packages/sqlalchemy/util/_concurrency_py3k.py", line 201, in greenlet_spawn
    result = context.throw(*sys.exc_info())
             ^^^^^^^^^^^^^^^^^^^^^^^^^^^^^^
  File "/home/azureuser/repos/bolt_ok/mybot/venv/lib/python3.12/site-packages/sqlalchemy/engine/base.py", line 3277, in connect
    return self._connection_cls(self)
           ^^^^^^^^^^^^^^^^^^^^^^^^^^
  File "/home/azureuser/repos/bolt_ok/mybot/venv/lib/python3.12/site-packages/sqlalchemy/engine/base.py", line 143, in __init__
    self._dbapi_connection = engine.raw_connection()
                             ^^^^^^^^^^^^^^^^^^^^^^^
  File "/home/azureuser/repos/bolt_ok/mybot/venv/lib/python3.12/site-packages/sqlalchemy/engine/base.py", line 3301, in raw_connection
    return self.pool.connect()
           ^^^^^^^^^^^^^^^^^^^
  File "/home/azureuser/repos/bolt_ok/mybot/venv/lib/python3.12/site-packages/sqlalchemy/pool/base.py", line 447, in connect
    return _ConnectionFairy._checkout(self)
           ^^^^^^^^^^^^^^^^^^^^^^^^^^^^^^^^
  File "/home/azureuser/repos/bolt_ok/mybot/venv/lib/python3.12/site-packages/sqlalchemy/pool/base.py", line 1264, in _checkout
    fairy = _ConnectionRecord.checkout(pool)
            ^^^^^^^^^^^^^^^^^^^^^^^^^^^^^^^^
  File "/home/azureuser/repos/bolt_ok/mybot/venv/lib/python3.12/site-packages/sqlalchemy/pool/base.py", line 711, in checkout
    rec = pool._do_get()
          ^^^^^^^^^^^^^^
  File "/home/azureuser/repos/bolt_ok/mybot/venv/lib/python3.12/site-packages/sqlalchemy/pool/impl.py", line 306, in _do_get
    return self._create_connection()
           ^^^^^^^^^^^^^^^^^^^^^^^^^
  File "/home/azureuser/repos/bolt_ok/mybot/venv/lib/python3.12/site-packages/sqlalchemy/pool/base.py", line 388, in _create_connection
    return _ConnectionRecord(self)
           ^^^^^^^^^^^^^^^^^^^^^^^
  File "/home/azureuser/repos/bolt_ok/mybot/venv/lib/python3.12/site-packages/sqlalchemy/pool/base.py", line 673, in __init__
    self.__connect()
  File "/home/azureuser/repos/bolt_ok/mybot/venv/lib/python3.12/site-packages/sqlalchemy/pool/base.py", line 899, in __connect
    with util.safe_reraise():
  File "/home/azureuser/repos/bolt_ok/mybot/venv/lib/python3.12/site-packages/sqlalchemy/util/langhelpers.py", line 224, in __exit__
    raise exc_value.with_traceback(exc_tb)
  File "/home/azureuser/repos/bolt_ok/mybot/venv/lib/python3.12/site-packages/sqlalchemy/pool/base.py", line 895, in __connect
    self.dbapi_connection = connection = pool._invoke_creator(self)
                                         ^^^^^^^^^^^^^^^^^^^^^^^^^^
  File "/home/azureuser/repos/bolt_ok/mybot/venv/lib/python3.12/site-packages/sqlalchemy/engine/create.py", line 661, in connect
    return dialect.connect(*cargs, **cparams)
           ^^^^^^^^^^^^^^^^^^^^^^^^^^^^^^^^^^
  File "/home/azureuser/repos/bolt_ok/mybot/venv/lib/python3.12/site-packages/sqlalchemy/engine/default.py", line 629, in connect
    return self.loaded_dbapi.connect(*cargs, **cparams)  # type: ignore[no-any-return]  # NOQA: E501
           ^^^^^^^^^^^^^^^^^^^^^^^^^^^^^^^^^^^^^^^^^^^^
  File "/home/azureuser/repos/bolt_ok/mybot/venv/lib/python3.12/site-packages/sqlalchemy/dialects/postgresql/asyncpg.py", line 964, in connect
    await_only(creator_fn(*arg, **kw)),
    ^^^^^^^^^^^^^^^^^^^^^^^^^^^^^^^^^^
  File "/home/azureuser/repos/bolt_ok/mybot/venv/lib/python3.12/site-packages/sqlalchemy/util/_concurrency_py3k.py", line 132, in await_only
    return current.parent.switch(awaitable)  # type: ignore[no-any-return,attr-defined] # noqa: E501
           ^^^^^^^^^^^^^^^^^^^^^^^^^^^^^^^^
  File "/home/azureuser/repos/bolt_ok/mybot/venv/lib/python3.12/site-packages/sqlalchemy/util/_concurrency_py3k.py", line 196, in greenlet_spawn
    value = await result
            ^^^^^^^^^^^^
  File "/home/azureuser/repos/bolt_ok/mybot/venv/lib/python3.12/site-packages/asyncpg/connection.py", line 2421, in connect
    return await connect_utils._connect(
           ^^^^^^^^^^^^^^^^^^^^^^^^^^^^^
  File "/home/azureuser/repos/bolt_ok/mybot/venv/lib/python3.12/site-packages/asyncpg/connect_utils.py", line 1049, in _connect
    conn = await _connect_addr(
           ^^^^^^^^^^^^^^^^^^^^
  File "/home/azureuser/repos/bolt_ok/mybot/venv/lib/python3.12/site-packages/asyncpg/connect_utils.py", line 891, in _connect_addr
    return await __connect_addr(params_retry, False, *args)
           ^^^^^^^^^^^^^^^^^^^^^^^^^^^^^^^^^^^^^^^^^^^^^^^^
  File "/home/azureuser/repos/bolt_ok/mybot/venv/lib/python3.12/site-packages/asyncpg/connect_utils.py", line 934, in __connect_addr
    await connected
asyncpg.exceptions.InvalidPasswordError: password authentication failed for user "user"

During handling of the above exception, another exception occurred:

Traceback (most recent call last):
  File "/home/azureuser/repos/bolt_ok/mybot/bot.py", line 247, in main
    await task_manager.shutdown()
          ^^^^^^^^^^^^
UnboundLocalError: cannot access local variable 'task_manager' where it is not associated with a value
2025-09-11 18:18:04,284 - root - CRITICAL - <module>:260 - Error fatal: password authentication failed for user "user"
Traceback (most recent call last):
  File "/home/azureuser/repos/bolt_ok/mybot/bot.py", line 256, in <module>
    asyncio.run(main())
  File "/usr/lib/python3.12/asyncio/runners.py", line 194, in run
    return runner.run(main)
           ^^^^^^^^^^^^^^^^
  File "/usr/lib/python3.12/asyncio/runners.py", line 118, in run
    return self._loop.run_until_complete(task)
           ^^^^^^^^^^^^^^^^^^^^^^^^^^^^^^^^^^^
  File "/usr/lib/python3.12/asyncio/base_events.py", line 687, in run_until_complete
    return future.result()
           ^^^^^^^^^^^^^^^
  File "/home/azureuser/repos/bolt_ok/mybot/bot.py", line 144, in main
    await init_db()
  File "/home/azureuser/repos/bolt_ok/mybot/database/setup.py", line 73, in init_db
    async with _engine.begin() as conn:
  File "/usr/lib/python3.12/contextlib.py", line 210, in __aenter__
    return await anext(self.gen)
           ^^^^^^^^^^^^^^^^^^^^^
  File "/home/azureuser/repos/bolt_ok/mybot/venv/lib/python3.12/site-packages/sqlalchemy/ext/asyncio/engine.py", line 1066, in begin
    async with conn:
  File "/home/azureuser/repos/bolt_ok/mybot/venv/lib/python3.12/site-packages/sqlalchemy/ext/asyncio/base.py", line 121, in __aenter__
    return await self.start(is_ctxmanager=True)
           ^^^^^^^^^^^^^^^^^^^^^^^^^^^^^^^^^^^^
  File "/home/azureuser/repos/bolt_ok/mybot/venv/lib/python3.12/site-packages/sqlalchemy/ext/asyncio/engine.py", line 274, in start
    await greenlet_spawn(self.sync_engine.connect)
  File "/home/azureuser/repos/bolt_ok/mybot/venv/lib/python3.12/site-packages/sqlalchemy/util/_concurrency_py3k.py", line 201, in greenlet_spawn
    result = context.throw(*sys.exc_info())
             ^^^^^^^^^^^^^^^^^^^^^^^^^^^^^^
  File "/home/azureuser/repos/bolt_ok/mybot/venv/lib/python3.12/site-packages/sqlalchemy/engine/base.py", line 3277, in connect
    return self._connection_cls(self)
           ^^^^^^^^^^^^^^^^^^^^^^^^^^
  File "/home/azureuser/repos/bolt_ok/mybot/venv/lib/python3.12/site-packages/sqlalchemy/engine/base.py", line 143, in __init__
    self._dbapi_connection = engine.raw_connection()
                             ^^^^^^^^^^^^^^^^^^^^^^^
  File "/home/azureuser/repos/bolt_ok/mybot/venv/lib/python3.12/site-packages/sqlalchemy/engine/base.py", line 3301, in raw_connection
    return self.pool.connect()
           ^^^^^^^^^^^^^^^^^^^
  File "/home/azureuser/repos/bolt_ok/mybot/venv/lib/python3.12/site-packages/sqlalchemy/pool/base.py", line 447, in connect
    return _ConnectionFairy._checkout(self)
           ^^^^^^^^^^^^^^^^^^^^^^^^^^^^^^^^
  File "/home/azureuser/repos/bolt_ok/mybot/venv/lib/python3.12/site-packages/sqlalchemy/pool/base.py", line 1264, in _checkout
    fairy = _ConnectionRecord.checkout(pool)
            ^^^^^^^^^^^^^^^^^^^^^^^^^^^^^^^^
  File "/home/azureuser/repos/bolt_ok/mybot/venv/lib/python3.12/site-packages/sqlalchemy/pool/base.py", line 711, in checkout
    rec = pool._do_get()
          ^^^^^^^^^^^^^^
  File "/home/azureuser/repos/bolt_ok/mybot/venv/lib/python3.12/site-packages/sqlalchemy/pool/impl.py", line 306, in _do_get
    return self._create_connection()
           ^^^^^^^^^^^^^^^^^^^^^^^^^
  File "/home/azureuser/repos/bolt_ok/mybot/venv/lib/python3.12/site-packages/sqlalchemy/pool/base.py", line 388, in _create_connection
    return _ConnectionRecord(self)
           ^^^^^^^^^^^^^^^^^^^^^^^
  File "/home/azureuser/repos/bolt_ok/mybot/venv/lib/python3.12/site-packages/sqlalchemy/pool/base.py", line 673, in __init__
    self.__connect()
  File "/home/azureuser/repos/bolt_ok/mybot/venv/lib/python3.12/site-packages/sqlalchemy/pool/base.py", line 899, in __connect
    with util.safe_reraise():
  File "/home/azureuser/repos/bolt_ok/mybot/venv/lib/python3.12/site-packages/sqlalchemy/util/langhelpers.py", line 224, in __exit__
    raise exc_value.with_traceback(exc_tb)
  File "/home/azureuser/repos/bolt_ok/mybot/venv/lib/python3.12/site-packages/sqlalchemy/pool/base.py", line 895, in __connect
    self.dbapi_connection = connection = pool._invoke_creator(self)
                                         ^^^^^^^^^^^^^^^^^^^^^^^^^^
  File "/home/azureuser/repos/bolt_ok/mybot/venv/lib/python3.12/site-packages/sqlalchemy/engine/create.py", line 661, in connect
    return dialect.connect(*cargs, **cparams)
           ^^^^^^^^^^^^^^^^^^^^^^^^^^^^^^^^^^
  File "/home/azureuser/repos/bolt_ok/mybot/venv/lib/python3.12/site-packages/sqlalchemy/engine/default.py", line 629, in connect
    return self.loaded_dbapi.connect(*cargs, **cparams)  # type: ignore[no-any-return]  # NOQA: E501
           ^^^^^^^^^^^^^^^^^^^^^^^^^^^^^^^^^^^^^^^^^^^^
  File "/home/azureuser/repos/bolt_ok/mybot/venv/lib/python3.12/site-packages/sqlalchemy/dialects/postgresql/asyncpg.py", line 964, in connect
    await_only(creator_fn(*arg, **kw)),
    ^^^^^^^^^^^^^^^^^^^^^^^^^^^^^^^^^^
  File "/home/azureuser/repos/bolt_ok/mybot/venv/lib/python3.12/site-packages/sqlalchemy/util/_concurrency_py3k.py", line 132, in await_only
    return current.parent.switch(awaitable)  # type: ignore[no-any-return,attr-defined] # noqa: E501
           ^^^^^^^^^^^^^^^^^^^^^^^^^^^^^^^^
  File "/home/azureuser/repos/bolt_ok/mybot/venv/lib/python3.12/site-packages/sqlalchemy/util/_concurrency_py3k.py", line 196, in greenlet_spawn
    value = await result
            ^^^^^^^^^^^^
  File "/home/azureuser/repos/bolt_ok/mybot/venv/lib/python3.12/site-packages/asyncpg/connection.py", line 2421, in connect
    return await connect_utils._connect(
           ^^^^^^^^^^^^^^^^^^^^^^^^^^^^^
  File "/home/azureuser/repos/bolt_ok/mybot/venv/lib/python3.12/site-packages/asyncpg/connect_utils.py", line 1049, in _connect
    conn = await _connect_addr(
           ^^^^^^^^^^^^^^^^^^^^
  File "/home/azureuser/repos/bolt_ok/mybot/venv/lib/python3.12/site-packages/asyncpg/connect_utils.py", line 891, in _connect_addr
    return await __connect_addr(params_retry, False, *args)
           ^^^^^^^^^^^^^^^^^^^^^^^^^^^^^^^^^^^^^^^^^^^^^^^^
  File "/home/azureuser/repos/bolt_ok/mybot/venv/lib/python3.12/site-packages/asyncpg/connect_utils.py", line 934, in __connect_addr
    await connected
asyncpg.exceptions.InvalidPasswordError: password authentication failed for user "user"
2025-09-11 18:21:27,461 - __main__ - INFO - main:143 - Inicializando base de datos...
2025-09-11 18:21:27,461 - database.setup - INFO - init_db:59 - Inicializando motor de base de datos SQLite...
2025-09-11 18:21:27,461 - database.setup - CRITICAL - init_db:81 - Error crítico al inicializar la base de datos: DATABASE_URL debe comenzar con 'sqlite+aiosqlite://' para usar SQLite async.
2025-09-11 18:21:27,462 - __main__ - CRITICAL - main:242 - Error crítico en main(): DATABASE_URL debe comenzar con 'sqlite+aiosqlite://' para usar SQLite async.
Traceback (most recent call last):
  File "/home/azureuser/repos/bolt_ok/mybot/bot.py", line 144, in main
    await init_db()
  File "/home/azureuser/repos/bolt_ok/mybot/database/setup.py", line 64, in init_db
    raise ValueError("DATABASE_URL debe comenzar con 'sqlite+aiosqlite://' para usar SQLite async.")
ValueError: DATABASE_URL debe comenzar con 'sqlite+aiosqlite://' para usar SQLite async.
2025-09-11 18:21:27,462 - __main__ - INFO - main:245 - Cerrando bot...
2025-09-11 18:21:27,463 - __main__ - ERROR - main:251 - Error durante el cierre: cannot access local variable 'task_manager' where it is not associated with a value
Traceback (most recent call last):
  File "/home/azureuser/repos/bolt_ok/mybot/bot.py", line 144, in main
    await init_db()
  File "/home/azureuser/repos/bolt_ok/mybot/database/setup.py", line 64, in init_db
    raise ValueError("DATABASE_URL debe comenzar con 'sqlite+aiosqlite://' para usar SQLite async.")
ValueError: DATABASE_URL debe comenzar con 'sqlite+aiosqlite://' para usar SQLite async.

During handling of the above exception, another exception occurred:

Traceback (most recent call last):
  File "/home/azureuser/repos/bolt_ok/mybot/bot.py", line 247, in main
    await task_manager.shutdown()
          ^^^^^^^^^^^^
UnboundLocalError: cannot access local variable 'task_manager' where it is not associated with a value
2025-09-11 18:21:27,464 - root - CRITICAL - <module>:260 - Error fatal: DATABASE_URL debe comenzar con 'sqlite+aiosqlite://' para usar SQLite async.
Traceback (most recent call last):
  File "/home/azureuser/repos/bolt_ok/mybot/bot.py", line 256, in <module>
    asyncio.run(main())
  File "/usr/lib/python3.12/asyncio/runners.py", line 194, in run
    return runner.run(main)
           ^^^^^^^^^^^^^^^^
  File "/usr/lib/python3.12/asyncio/runners.py", line 118, in run
    return self._loop.run_until_complete(task)
           ^^^^^^^^^^^^^^^^^^^^^^^^^^^^^^^^^^^
  File "/usr/lib/python3.12/asyncio/base_events.py", line 687, in run_until_complete
    return future.result()
           ^^^^^^^^^^^^^^^
  File "/home/azureuser/repos/bolt_ok/mybot/bot.py", line 144, in main
    await init_db()
  File "/home/azureuser/repos/bolt_ok/mybot/database/setup.py", line 64, in init_db
    raise ValueError("DATABASE_URL debe comenzar con 'sqlite+aiosqlite://' para usar SQLite async.")
ValueError: DATABASE_URL debe comenzar con 'sqlite+aiosqlite://' para usar SQLite async.
2025-09-11 18:22:00,747 - __main__ - INFO - main:143 - Inicializando base de datos...
2025-09-11 18:22:00,747 - database.setup - INFO - init_db:59 - Inicializando motor de base de datos SQLite...
2025-09-11 18:22:00,747 - database.setup - CRITICAL - init_db:81 - Error crítico al inicializar la base de datos: DATABASE_URL debe comenzar con 'sqlite+aiosqlite://' para usar SQLite async.
2025-09-11 18:22:00,747 - __main__ - CRITICAL - main:242 - Error crítico en main(): DATABASE_URL debe comenzar con 'sqlite+aiosqlite://' para usar SQLite async.
Traceback (most recent call last):
  File "/home/azureuser/repos/bolt_ok/mybot/bot.py", line 144, in main
    await init_db()
  File "/home/azureuser/repos/bolt_ok/mybot/database/setup.py", line 64, in init_db
    raise ValueError("DATABASE_URL debe comenzar con 'sqlite+aiosqlite://' para usar SQLite async.")
ValueError: DATABASE_URL debe comenzar con 'sqlite+aiosqlite://' para usar SQLite async.
2025-09-11 18:22:00,748 - __main__ - INFO - main:245 - Cerrando bot...
2025-09-11 18:22:00,748 - __main__ - ERROR - main:251 - Error durante el cierre: cannot access local variable 'task_manager' where it is not associated with a value
Traceback (most recent call last):
  File "/home/azureuser/repos/bolt_ok/mybot/bot.py", line 144, in main
    await init_db()
  File "/home/azureuser/repos/bolt_ok/mybot/database/setup.py", line 64, in init_db
    raise ValueError("DATABASE_URL debe comenzar con 'sqlite+aiosqlite://' para usar SQLite async.")
ValueError: DATABASE_URL debe comenzar con 'sqlite+aiosqlite://' para usar SQLite async.

During handling of the above exception, another exception occurred:

Traceback (most recent call last):
  File "/home/azureuser/repos/bolt_ok/mybot/bot.py", line 247, in main
    await task_manager.shutdown()
          ^^^^^^^^^^^^
UnboundLocalError: cannot access local variable 'task_manager' where it is not associated with a value
2025-09-11 18:22:00,749 - root - CRITICAL - <module>:260 - Error fatal: DATABASE_URL debe comenzar con 'sqlite+aiosqlite://' para usar SQLite async.
Traceback (most recent call last):
  File "/home/azureuser/repos/bolt_ok/mybot/bot.py", line 256, in <module>
    asyncio.run(main())
  File "/usr/lib/python3.12/asyncio/runners.py", line 194, in run
    return runner.run(main)
           ^^^^^^^^^^^^^^^^
  File "/usr/lib/python3.12/asyncio/runners.py", line 118, in run
    return self._loop.run_until_complete(task)
           ^^^^^^^^^^^^^^^^^^^^^^^^^^^^^^^^^^^
  File "/usr/lib/python3.12/asyncio/base_events.py", line 687, in run_until_complete
    return future.result()
           ^^^^^^^^^^^^^^^
  File "/home/azureuser/repos/bolt_ok/mybot/bot.py", line 144, in main
    await init_db()
  File "/home/azureuser/repos/bolt_ok/mybot/database/setup.py", line 64, in init_db
    raise ValueError("DATABASE_URL debe comenzar con 'sqlite+aiosqlite://' para usar SQLite async.")
ValueError: DATABASE_URL debe comenzar con 'sqlite+aiosqlite://' para usar SQLite async.
2025-09-11 18:22:44,416 - __main__ - INFO - main:143 - Inicializando base de datos...
2025-09-11 18:22:44,416 - database.setup - INFO - init_db:59 - Inicializando motor de base de datos SQLite...
2025-09-11 18:22:44,416 - database.setup - CRITICAL - init_db:81 - Error crítico al inicializar la base de datos: DATABASE_URL debe comenzar con 'sqlite+aiosqlite://' para usar SQLite async.
2025-09-11 18:22:44,416 - __main__ - CRITICAL - main:242 - Error crítico en main(): DATABASE_URL debe comenzar con 'sqlite+aiosqlite://' para usar SQLite async.
Traceback (most recent call last):
  File "/home/azureuser/repos/bolt_ok/mybot/bot.py", line 144, in main
    await init_db()
  File "/home/azureuser/repos/bolt_ok/mybot/database/setup.py", line 64, in init_db
    raise ValueError("DATABASE_URL debe comenzar con 'sqlite+aiosqlite://' para usar SQLite async.")
ValueError: DATABASE_URL debe comenzar con 'sqlite+aiosqlite://' para usar SQLite async.
2025-09-11 18:22:44,417 - __main__ - INFO - main:245 - Cerrando bot...
2025-09-11 18:22:44,417 - __main__ - ERROR - main:251 - Error durante el cierre: cannot access local variable 'task_manager' where it is not associated with a value
Traceback (most recent call last):
  File "/home/azureuser/repos/bolt_ok/mybot/bot.py", line 144, in main
    await init_db()
  File "/home/azureuser/repos/bolt_ok/mybot/database/setup.py", line 64, in init_db
    raise ValueError("DATABASE_URL debe comenzar con 'sqlite+aiosqlite://' para usar SQLite async.")
ValueError: DATABASE_URL debe comenzar con 'sqlite+aiosqlite://' para usar SQLite async.

During handling of the above exception, another exception occurred:

Traceback (most recent call last):
  File "/home/azureuser/repos/bolt_ok/mybot/bot.py", line 247, in main
    await task_manager.shutdown()
          ^^^^^^^^^^^^
UnboundLocalError: cannot access local variable 'task_manager' where it is not associated with a value
2025-09-11 18:22:44,418 - root - CRITICAL - <module>:260 - Error fatal: DATABASE_URL debe comenzar con 'sqlite+aiosqlite://' para usar SQLite async.
Traceback (most recent call last):
  File "/home/azureuser/repos/bolt_ok/mybot/bot.py", line 256, in <module>
    asyncio.run(main())
  File "/usr/lib/python3.12/asyncio/runners.py", line 194, in run
    return runner.run(main)
           ^^^^^^^^^^^^^^^^
  File "/usr/lib/python3.12/asyncio/runners.py", line 118, in run
    return self._loop.run_until_complete(task)
           ^^^^^^^^^^^^^^^^^^^^^^^^^^^^^^^^^^^
  File "/usr/lib/python3.12/asyncio/base_events.py", line 687, in run_until_complete
    return future.result()
           ^^^^^^^^^^^^^^^
  File "/home/azureuser/repos/bolt_ok/mybot/bot.py", line 144, in main
    await init_db()
  File "/home/azureuser/repos/bolt_ok/mybot/database/setup.py", line 64, in init_db
    raise ValueError("DATABASE_URL debe comenzar con 'sqlite+aiosqlite://' para usar SQLite async.")
ValueError: DATABASE_URL debe comenzar con 'sqlite+aiosqlite://' para usar SQLite async.
2025-09-11 18:24:26,688 - __main__ - INFO - main:145 - Inicializando base de datos...
2025-09-11 18:24:26,688 - database.setup - INFO - init_db:59 - Inicializando motor de base de datos SQLite...
2025-09-11 18:24:26,688 - database.setup - CRITICAL - init_db:81 - Error crítico al inicializar la base de datos: DATABASE_URL debe comenzar con 'sqlite+aiosqlite://' para usar SQLite async.
2025-09-11 18:24:26,689 - __main__ - CRITICAL - main:244 - Error crítico en main(): DATABASE_URL debe comenzar con 'sqlite+aiosqlite://' para usar SQLite async.
Traceback (most recent call last):
  File "/home/azureuser/repos/bolt_ok/mybot/bot.py", line 146, in main
    await init_db()
  File "/home/azureuser/repos/bolt_ok/mybot/database/setup.py", line 64, in init_db
    raise ValueError("DATABASE_URL debe comenzar con 'sqlite+aiosqlite://' para usar SQLite async.")
ValueError: DATABASE_URL debe comenzar con 'sqlite+aiosqlite://' para usar SQLite async.
2025-09-11 18:24:26,689 - __main__ - INFO - main:247 - Cerrando bot...
2025-09-11 18:24:26,690 - __main__ - ERROR - main:253 - Error durante el cierre: cannot access local variable 'task_manager' where it is not associated with a value
Traceback (most recent call last):
  File "/home/azureuser/repos/bolt_ok/mybot/bot.py", line 146, in main
    await init_db()
  File "/home/azureuser/repos/bolt_ok/mybot/database/setup.py", line 64, in init_db
    raise ValueError("DATABASE_URL debe comenzar con 'sqlite+aiosqlite://' para usar SQLite async.")
ValueError: DATABASE_URL debe comenzar con 'sqlite+aiosqlite://' para usar SQLite async.

During handling of the above exception, another exception occurred:

Traceback (most recent call last):
  File "/home/azureuser/repos/bolt_ok/mybot/bot.py", line 249, in main
    await task_manager.shutdown()
          ^^^^^^^^^^^^
UnboundLocalError: cannot access local variable 'task_manager' where it is not associated with a value
2025-09-11 18:24:26,690 - root - CRITICAL - <module>:262 - Error fatal: DATABASE_URL debe comenzar con 'sqlite+aiosqlite://' para usar SQLite async.
Traceback (most recent call last):
  File "/home/azureuser/repos/bolt_ok/mybot/bot.py", line 258, in <module>
    asyncio.run(main())
  File "/usr/lib/python3.12/asyncio/runners.py", line 194, in run
    return runner.run(main)
           ^^^^^^^^^^^^^^^^
  File "/usr/lib/python3.12/asyncio/runners.py", line 118, in run
    return self._loop.run_until_complete(task)
           ^^^^^^^^^^^^^^^^^^^^^^^^^^^^^^^^^^^
  File "/usr/lib/python3.12/asyncio/base_events.py", line 687, in run_until_complete
    return future.result()
           ^^^^^^^^^^^^^^^
  File "/home/azureuser/repos/bolt_ok/mybot/bot.py", line 146, in main
    await init_db()
  File "/home/azureuser/repos/bolt_ok/mybot/database/setup.py", line 64, in init_db
    raise ValueError("DATABASE_URL debe comenzar con 'sqlite+aiosqlite://' para usar SQLite async.")
ValueError: DATABASE_URL debe comenzar con 'sqlite+aiosqlite://' para usar SQLite async.
2025-09-11 18:24:57,889 - __main__ - INFO - main:145 - Inicializando base de datos...
2025-09-11 18:24:57,890 - database.setup - INFO - init_db:59 - Inicializando motor de base de datos SQLite...
2025-09-11 18:24:57,890 - database.setup - CRITICAL - init_db:82 - Error crítico al inicializar la base de datos: DATABASE_URL debe comenzar con 'sqlite+aiosqlite://' para usar SQLite async.
2025-09-11 18:24:57,890 - __main__ - CRITICAL - main:244 - Error crítico en main(): DATABASE_URL debe comenzar con 'sqlite+aiosqlite://' para usar SQLite async.
Traceback (most recent call last):
  File "/home/azureuser/repos/bolt_ok/mybot/bot.py", line 146, in main
    await init_db()
  File "/home/azureuser/repos/bolt_ok/mybot/database/setup.py", line 65, in init_db
    raise ValueError("DATABASE_URL debe comenzar con 'sqlite+aiosqlite://' para usar SQLite async.")
ValueError: DATABASE_URL debe comenzar con 'sqlite+aiosqlite://' para usar SQLite async.
2025-09-11 18:24:57,891 - __main__ - INFO - main:247 - Cerrando bot...
2025-09-11 18:24:57,891 - __main__ - ERROR - main:253 - Error durante el cierre: cannot access local variable 'task_manager' where it is not associated with a value
Traceback (most recent call last):
  File "/home/azureuser/repos/bolt_ok/mybot/bot.py", line 146, in main
    await init_db()
  File "/home/azureuser/repos/bolt_ok/mybot/database/setup.py", line 65, in init_db
    raise ValueError("DATABASE_URL debe comenzar con 'sqlite+aiosqlite://' para usar SQLite async.")
ValueError: DATABASE_URL debe comenzar con 'sqlite+aiosqlite://' para usar SQLite async.

During handling of the above exception, another exception occurred:

Traceback (most recent call last):
  File "/home/azureuser/repos/bolt_ok/mybot/bot.py", line 249, in main
    await task_manager.shutdown()
          ^^^^^^^^^^^^
UnboundLocalError: cannot access local variable 'task_manager' where it is not associated with a value
2025-09-11 18:24:57,892 - root - CRITICAL - <module>:262 - Error fatal: DATABASE_URL debe comenzar con 'sqlite+aiosqlite://' para usar SQLite async.
Traceback (most recent call last):
  File "/home/azureuser/repos/bolt_ok/mybot/bot.py", line 258, in <module>
    asyncio.run(main())
  File "/usr/lib/python3.12/asyncio/runners.py", line 194, in run
    return runner.run(main)
           ^^^^^^^^^^^^^^^^
  File "/usr/lib/python3.12/asyncio/runners.py", line 118, in run
    return self._loop.run_until_complete(task)
           ^^^^^^^^^^^^^^^^^^^^^^^^^^^^^^^^^^^
  File "/usr/lib/python3.12/asyncio/base_events.py", line 687, in run_until_complete
    return future.result()
           ^^^^^^^^^^^^^^^
  File "/home/azureuser/repos/bolt_ok/mybot/bot.py", line 146, in main
    await init_db()
  File "/home/azureuser/repos/bolt_ok/mybot/database/setup.py", line 65, in init_db
    raise ValueError("DATABASE_URL debe comenzar con 'sqlite+aiosqlite://' para usar SQLite async.")
ValueError: DATABASE_URL debe comenzar con 'sqlite+aiosqlite://' para usar SQLite async.
2025-09-11 18:27:00,698 - __main__ - INFO - main:143 - Inicializando base de datos...
2025-09-11 18:27:00,698 - database.setup - INFO - init_db:59 - Inicializando motor de base de datos SQLite...
2025-09-11 18:27:00,698 - database.setup - CRITICAL - init_db:81 - Error crítico al inicializar la base de datos: DATABASE_URL debe comenzar con 'sqlite+aiosqlite://' para usar SQLite async.
2025-09-11 18:27:00,698 - __main__ - CRITICAL - main:242 - Error crítico en main(): DATABASE_URL debe comenzar con 'sqlite+aiosqlite://' para usar SQLite async.
Traceback (most recent call last):
  File "/home/azureuser/repos/bolt_ok/mybot/bot.py", line 144, in main
    await init_db()
  File "/home/azureuser/repos/bolt_ok/mybot/database/setup.py", line 64, in init_db
    raise ValueError("DATABASE_URL debe comenzar con 'sqlite+aiosqlite://' para usar SQLite async.")
ValueError: DATABASE_URL debe comenzar con 'sqlite+aiosqlite://' para usar SQLite async.
2025-09-11 18:27:00,699 - __main__ - INFO - main:245 - Cerrando bot...
2025-09-11 18:27:00,700 - __main__ - ERROR - main:251 - Error durante el cierre: cannot access local variable 'task_manager' where it is not associated with a value
Traceback (most recent call last):
  File "/home/azureuser/repos/bolt_ok/mybot/bot.py", line 144, in main
    await init_db()
  File "/home/azureuser/repos/bolt_ok/mybot/database/setup.py", line 64, in init_db
    raise ValueError("DATABASE_URL debe comenzar con 'sqlite+aiosqlite://' para usar SQLite async.")
ValueError: DATABASE_URL debe comenzar con 'sqlite+aiosqlite://' para usar SQLite async.

During handling of the above exception, another exception occurred:

Traceback (most recent call last):
  File "/home/azureuser/repos/bolt_ok/mybot/bot.py", line 247, in main
    await task_manager.shutdown()
          ^^^^^^^^^^^^
UnboundLocalError: cannot access local variable 'task_manager' where it is not associated with a value
2025-09-11 18:27:00,701 - root - CRITICAL - <module>:260 - Error fatal: DATABASE_URL debe comenzar con 'sqlite+aiosqlite://' para usar SQLite async.
Traceback (most recent call last):
  File "/home/azureuser/repos/bolt_ok/mybot/bot.py", line 256, in <module>
    asyncio.run(main())
  File "/usr/lib/python3.12/asyncio/runners.py", line 194, in run
    return runner.run(main)
           ^^^^^^^^^^^^^^^^
  File "/usr/lib/python3.12/asyncio/runners.py", line 118, in run
    return self._loop.run_until_complete(task)
           ^^^^^^^^^^^^^^^^^^^^^^^^^^^^^^^^^^^
  File "/usr/lib/python3.12/asyncio/base_events.py", line 687, in run_until_complete
    return future.result()
           ^^^^^^^^^^^^^^^
  File "/home/azureuser/repos/bolt_ok/mybot/bot.py", line 144, in main
    await init_db()
  File "/home/azureuser/repos/bolt_ok/mybot/database/setup.py", line 64, in init_db
    raise ValueError("DATABASE_URL debe comenzar con 'sqlite+aiosqlite://' para usar SQLite async.")
ValueError: DATABASE_URL debe comenzar con 'sqlite+aiosqlite://' para usar SQLite async.
2025-09-11 18:27:52,294 - __main__ - INFO - main:143 - Inicializando base de datos...
2025-09-11 18:27:52,294 - database.setup - INFO - init_db:59 - Inicializando motor de base de datos SQLite...
2025-09-11 18:27:52,294 - database.setup - CRITICAL - init_db:81 - Error crítico al inicializar la base de datos: DATABASE_URL debe comenzar con 'sqlite+aiosqlite://' para usar SQLite async.
2025-09-11 18:27:52,294 - __main__ - CRITICAL - main:242 - Error crítico en main(): DATABASE_URL debe comenzar con 'sqlite+aiosqlite://' para usar SQLite async.
Traceback (most recent call last):
  File "/home/azureuser/repos/bolt_ok/mybot/bot.py", line 144, in main
    await init_db()
  File "/home/azureuser/repos/bolt_ok/mybot/database/setup.py", line 64, in init_db
    raise ValueError("DATABASE_URL debe comenzar con 'sqlite+aiosqlite://' para usar SQLite async.")
ValueError: DATABASE_URL debe comenzar con 'sqlite+aiosqlite://' para usar SQLite async.
2025-09-11 18:27:52,295 - __main__ - INFO - main:245 - Cerrando bot...
2025-09-11 18:27:52,296 - __main__ - ERROR - main:251 - Error durante el cierre: cannot access local variable 'task_manager' where it is not associated with a value
Traceback (most recent call last):
  File "/home/azureuser/repos/bolt_ok/mybot/bot.py", line 144, in main
    await init_db()
  File "/home/azureuser/repos/bolt_ok/mybot/database/setup.py", line 64, in init_db
    raise ValueError("DATABASE_URL debe comenzar con 'sqlite+aiosqlite://' para usar SQLite async.")
ValueError: DATABASE_URL debe comenzar con 'sqlite+aiosqlite://' para usar SQLite async.

During handling of the above exception, another exception occurred:

Traceback (most recent call last):
  File "/home/azureuser/repos/bolt_ok/mybot/bot.py", line 247, in main
    await task_manager.shutdown()
          ^^^^^^^^^^^^
UnboundLocalError: cannot access local variable 'task_manager' where it is not associated with a value
2025-09-11 18:27:52,297 - root - CRITICAL - <module>:260 - Error fatal: DATABASE_URL debe comenzar con 'sqlite+aiosqlite://' para usar SQLite async.
Traceback (most recent call last):
  File "/home/azureuser/repos/bolt_ok/mybot/bot.py", line 256, in <module>
    asyncio.run(main())
  File "/usr/lib/python3.12/asyncio/runners.py", line 194, in run
    return runner.run(main)
           ^^^^^^^^^^^^^^^^
  File "/usr/lib/python3.12/asyncio/runners.py", line 118, in run
    return self._loop.run_until_complete(task)
           ^^^^^^^^^^^^^^^^^^^^^^^^^^^^^^^^^^^
  File "/usr/lib/python3.12/asyncio/base_events.py", line 687, in run_until_complete
    return future.result()
           ^^^^^^^^^^^^^^^
  File "/home/azureuser/repos/bolt_ok/mybot/bot.py", line 144, in main
    await init_db()
  File "/home/azureuser/repos/bolt_ok/mybot/database/setup.py", line 64, in init_db
    raise ValueError("DATABASE_URL debe comenzar con 'sqlite+aiosqlite://' para usar SQLite async.")
ValueError: DATABASE_URL debe comenzar con 'sqlite+aiosqlite://' para usar SQLite async.
2025-09-11 18:28:21,152 - __main__ - INFO - main:143 - Inicializando base de datos...
2025-09-11 18:28:21,152 - database.setup - INFO - init_db:59 - Inicializando motor de base de datos SQLite...
2025-09-11 18:28:21,152 - database.setup - CRITICAL - init_db:82 - Error crítico al inicializar la base de datos: DATABASE_URL debe comenzar con 'sqlite+aiosqlite://' para usar SQLite async.
2025-09-11 18:28:21,152 - __main__ - CRITICAL - main:242 - Error crítico en main(): DATABASE_URL debe comenzar con 'sqlite+aiosqlite://' para usar SQLite async.
Traceback (most recent call last):
  File "/home/azureuser/repos/bolt_ok/mybot/bot.py", line 144, in main
    await init_db()
  File "/home/azureuser/repos/bolt_ok/mybot/database/setup.py", line 65, in init_db
    raise ValueError("DATABASE_URL debe comenzar con 'sqlite+aiosqlite://' para usar SQLite async.")
ValueError: DATABASE_URL debe comenzar con 'sqlite+aiosqlite://' para usar SQLite async.
2025-09-11 18:28:21,153 - __main__ - INFO - main:245 - Cerrando bot...
2025-09-11 18:28:21,153 - __main__ - ERROR - main:251 - Error durante el cierre: cannot access local variable 'task_manager' where it is not associated with a value
Traceback (most recent call last):
  File "/home/azureuser/repos/bolt_ok/mybot/bot.py", line 144, in main
    await init_db()
  File "/home/azureuser/repos/bolt_ok/mybot/database/setup.py", line 65, in init_db
    raise ValueError("DATABASE_URL debe comenzar con 'sqlite+aiosqlite://' para usar SQLite async.")
ValueError: DATABASE_URL debe comenzar con 'sqlite+aiosqlite://' para usar SQLite async.

During handling of the above exception, another exception occurred:

Traceback (most recent call last):
  File "/home/azureuser/repos/bolt_ok/mybot/bot.py", line 247, in main
    await task_manager.shutdown()
          ^^^^^^^^^^^^
UnboundLocalError: cannot access local variable 'task_manager' where it is not associated with a value
2025-09-11 18:28:21,154 - root - CRITICAL - <module>:260 - Error fatal: DATABASE_URL debe comenzar con 'sqlite+aiosqlite://' para usar SQLite async.
Traceback (most recent call last):
  File "/home/azureuser/repos/bolt_ok/mybot/bot.py", line 256, in <module>
    asyncio.run(main())
  File "/usr/lib/python3.12/asyncio/runners.py", line 194, in run
    return runner.run(main)
           ^^^^^^^^^^^^^^^^
  File "/usr/lib/python3.12/asyncio/runners.py", line 118, in run
    return self._loop.run_until_complete(task)
           ^^^^^^^^^^^^^^^^^^^^^^^^^^^^^^^^^^^
  File "/usr/lib/python3.12/asyncio/base_events.py", line 687, in run_until_complete
    return future.result()
           ^^^^^^^^^^^^^^^
  File "/home/azureuser/repos/bolt_ok/mybot/bot.py", line 144, in main
    await init_db()
  File "/home/azureuser/repos/bolt_ok/mybot/database/setup.py", line 65, in init_db
    raise ValueError("DATABASE_URL debe comenzar con 'sqlite+aiosqlite://' para usar SQLite async.")
ValueError: DATABASE_URL debe comenzar con 'sqlite+aiosqlite://' para usar SQLite async.
2025-09-11 18:29:41,727 - __main__ - INFO - main:143 - Inicializando base de datos...
2025-09-11 18:29:41,727 - database.setup - INFO - init_db:59 - Inicializando motor de base de datos SQLite...
2025-09-11 18:29:41,727 - database.setup - CRITICAL - init_db:82 - Error crítico al inicializar la base de datos: DATABASE_URL debe comenzar con 'sqlite+aiosqlite://' para usar SQLite async.
2025-09-11 18:29:41,727 - __main__ - CRITICAL - main:242 - Error crítico en main(): DATABASE_URL debe comenzar con 'sqlite+aiosqlite://' para usar SQLite async.
Traceback (most recent call last):
  File "/home/azureuser/repos/bolt_ok/mybot/bot.py", line 144, in main
    await init_db()
  File "/home/azureuser/repos/bolt_ok/mybot/database/setup.py", line 65, in init_db
    raise ValueError("DATABASE_URL debe comenzar con 'sqlite+aiosqlite://' para usar SQLite async.")
ValueError: DATABASE_URL debe comenzar con 'sqlite+aiosqlite://' para usar SQLite async.
2025-09-11 18:29:41,728 - __main__ - INFO - main:245 - Cerrando bot...
2025-09-11 18:29:41,728 - __main__ - ERROR - main:251 - Error durante el cierre: cannot access local variable 'task_manager' where it is not associated with a value
Traceback (most recent call last):
  File "/home/azureuser/repos/bolt_ok/mybot/bot.py", line 144, in main
    await init_db()
  File "/home/azureuser/repos/bolt_ok/mybot/database/setup.py", line 65, in init_db
    raise ValueError("DATABASE_URL debe comenzar con 'sqlite+aiosqlite://' para usar SQLite async.")
ValueError: DATABASE_URL debe comenzar con 'sqlite+aiosqlite://' para usar SQLite async.

During handling of the above exception, another exception occurred:

Traceback (most recent call last):
  File "/home/azureuser/repos/bolt_ok/mybot/bot.py", line 247, in main
    await task_manager.shutdown()
          ^^^^^^^^^^^^
UnboundLocalError: cannot access local variable 'task_manager' where it is not associated with a value
2025-09-11 18:29:41,729 - root - CRITICAL - <module>:260 - Error fatal: DATABASE_URL debe comenzar con 'sqlite+aiosqlite://' para usar SQLite async.
Traceback (most recent call last):
  File "/home/azureuser/repos/bolt_ok/mybot/bot.py", line 256, in <module>
    asyncio.run(main())
  File "/usr/lib/python3.12/asyncio/runners.py", line 194, in run
    return runner.run(main)
           ^^^^^^^^^^^^^^^^
  File "/usr/lib/python3.12/asyncio/runners.py", line 118, in run
    return self._loop.run_until_complete(task)
           ^^^^^^^^^^^^^^^^^^^^^^^^^^^^^^^^^^^
  File "/usr/lib/python3.12/asyncio/base_events.py", line 687, in run_until_complete
    return future.result()
           ^^^^^^^^^^^^^^^
  File "/home/azureuser/repos/bolt_ok/mybot/bot.py", line 144, in main
    await init_db()
  File "/home/azureuser/repos/bolt_ok/mybot/database/setup.py", line 65, in init_db
    raise ValueError("DATABASE_URL debe comenzar con 'sqlite+aiosqlite://' para usar SQLite async.")
ValueError: DATABASE_URL debe comenzar con 'sqlite+aiosqlite://' para usar SQLite async.
2025-09-11 18:30:17,841 - __main__ - INFO - main:143 - Inicializando base de datos...
2025-09-11 18:30:17,841 - database.setup - INFO - init_db:59 - Inicializando motor de base de datos SQLite...
2025-09-11 18:30:17,841 - database.setup - CRITICAL - init_db:81 - Error crítico al inicializar la base de datos: DATABASE_URL debe comenzar con 'sqlite+aiosqlite://' para usar SQLite async.
2025-09-11 18:30:17,841 - __main__ - CRITICAL - main:242 - Error crítico en main(): DATABASE_URL debe comenzar con 'sqlite+aiosqlite://' para usar SQLite async.
Traceback (most recent call last):
  File "/home/azureuser/repos/bolt_ok/mybot/bot.py", line 144, in main
    await init_db()
  File "/home/azureuser/repos/bolt_ok/mybot/database/setup.py", line 64, in init_db
    raise ValueError("DATABASE_URL debe comenzar con 'sqlite+aiosqlite://' para usar SQLite async.")
ValueError: DATABASE_URL debe comenzar con 'sqlite+aiosqlite://' para usar SQLite async.
2025-09-11 18:30:17,842 - __main__ - INFO - main:245 - Cerrando bot...
2025-09-11 18:30:17,842 - __main__ - ERROR - main:251 - Error durante el cierre: cannot access local variable 'task_manager' where it is not associated with a value
Traceback (most recent call last):
  File "/home/azureuser/repos/bolt_ok/mybot/bot.py", line 144, in main
    await init_db()
  File "/home/azureuser/repos/bolt_ok/mybot/database/setup.py", line 64, in init_db
    raise ValueError("DATABASE_URL debe comenzar con 'sqlite+aiosqlite://' para usar SQLite async.")
ValueError: DATABASE_URL debe comenzar con 'sqlite+aiosqlite://' para usar SQLite async.

During handling of the above exception, another exception occurred:

Traceback (most recent call last):
  File "/home/azureuser/repos/bolt_ok/mybot/bot.py", line 247, in main
    await task_manager.shutdown()
          ^^^^^^^^^^^^
UnboundLocalError: cannot access local variable 'task_manager' where it is not associated with a value
2025-09-11 18:30:17,843 - root - CRITICAL - <module>:260 - Error fatal: DATABASE_URL debe comenzar con 'sqlite+aiosqlite://' para usar SQLite async.
Traceback (most recent call last):
  File "/home/azureuser/repos/bolt_ok/mybot/bot.py", line 256, in <module>
    asyncio.run(main())
  File "/usr/lib/python3.12/asyncio/runners.py", line 194, in run
    return runner.run(main)
           ^^^^^^^^^^^^^^^^
  File "/usr/lib/python3.12/asyncio/runners.py", line 118, in run
    return self._loop.run_until_complete(task)
           ^^^^^^^^^^^^^^^^^^^^^^^^^^^^^^^^^^^
  File "/usr/lib/python3.12/asyncio/base_events.py", line 687, in run_until_complete
    return future.result()
           ^^^^^^^^^^^^^^^
  File "/home/azureuser/repos/bolt_ok/mybot/bot.py", line 144, in main
    await init_db()
  File "/home/azureuser/repos/bolt_ok/mybot/database/setup.py", line 64, in init_db
    raise ValueError("DATABASE_URL debe comenzar con 'sqlite+aiosqlite://' para usar SQLite async.")
ValueError: DATABASE_URL debe comenzar con 'sqlite+aiosqlite://' para usar SQLite async.
2025-09-11 18:32:14,049 - __main__ - INFO - main:143 - Inicializando base de datos...
2025-09-11 18:32:14,050 - database.setup - INFO - init_db:64 - Inicializando motor de base de datos SQLite...
2025-09-11 18:32:14,050 - database.setup - CRITICAL - init_db:86 - Error crítico al inicializar la base de datos: DATABASE_URL debe comenzar con 'sqlite+aiosqlite://' para usar SQLite async.
2025-09-11 18:32:14,050 - __main__ - CRITICAL - main:242 - Error crítico en main(): DATABASE_URL debe comenzar con 'sqlite+aiosqlite://' para usar SQLite async.
Traceback (most recent call last):
  File "/home/azureuser/repos/bolt_ok/mybot/bot.py", line 144, in main
    await init_db()
  File "/home/azureuser/repos/bolt_ok/mybot/database/setup.py", line 69, in init_db
    raise ValueError("DATABASE_URL debe comenzar con 'sqlite+aiosqlite://' para usar SQLite async.")
ValueError: DATABASE_URL debe comenzar con 'sqlite+aiosqlite://' para usar SQLite async.
2025-09-11 18:32:14,051 - __main__ - INFO - main:245 - Cerrando bot...
2025-09-11 18:32:14,051 - __main__ - ERROR - main:251 - Error durante el cierre: cannot access local variable 'task_manager' where it is not associated with a value
Traceback (most recent call last):
  File "/home/azureuser/repos/bolt_ok/mybot/bot.py", line 144, in main
    await init_db()
  File "/home/azureuser/repos/bolt_ok/mybot/database/setup.py", line 69, in init_db
    raise ValueError("DATABASE_URL debe comenzar con 'sqlite+aiosqlite://' para usar SQLite async.")
ValueError: DATABASE_URL debe comenzar con 'sqlite+aiosqlite://' para usar SQLite async.

During handling of the above exception, another exception occurred:

Traceback (most recent call last):
  File "/home/azureuser/repos/bolt_ok/mybot/bot.py", line 247, in main
    await task_manager.shutdown()
          ^^^^^^^^^^^^
UnboundLocalError: cannot access local variable 'task_manager' where it is not associated with a value
2025-09-11 18:32:14,052 - root - CRITICAL - <module>:260 - Error fatal: DATABASE_URL debe comenzar con 'sqlite+aiosqlite://' para usar SQLite async.
Traceback (most recent call last):
  File "/home/azureuser/repos/bolt_ok/mybot/bot.py", line 256, in <module>
    asyncio.run(main())
  File "/usr/lib/python3.12/asyncio/runners.py", line 194, in run
    return runner.run(main)
           ^^^^^^^^^^^^^^^^
  File "/usr/lib/python3.12/asyncio/runners.py", line 118, in run
    return self._loop.run_until_complete(task)
           ^^^^^^^^^^^^^^^^^^^^^^^^^^^^^^^^^^^
  File "/usr/lib/python3.12/asyncio/base_events.py", line 687, in run_until_complete
    return future.result()
           ^^^^^^^^^^^^^^^
  File "/home/azureuser/repos/bolt_ok/mybot/bot.py", line 144, in main
    await init_db()
  File "/home/azureuser/repos/bolt_ok/mybot/database/setup.py", line 69, in init_db
    raise ValueError("DATABASE_URL debe comenzar con 'sqlite+aiosqlite://' para usar SQLite async.")
ValueError: DATABASE_URL debe comenzar con 'sqlite+aiosqlite://' para usar SQLite async.
2025-09-11 18:36:43,148 - __main__ - INFO - main:145 - Inicializando base de datos...
2025-09-11 18:36:43,148 - database.setup - INFO - init_db:59 - Inicializando motor de base de datos SQLite...
2025-09-11 18:36:43,149 - database.setup - CRITICAL - init_db:81 - Error crítico al inicializar la base de datos: DATABASE_URL debe comenzar con 'sqlite+aiosqlite://' para usar SQLite async.
2025-09-11 18:36:43,149 - __main__ - CRITICAL - main:244 - Error crítico en main(): DATABASE_URL debe comenzar con 'sqlite+aiosqlite://' para usar SQLite async.
Traceback (most recent call last):
  File "/home/azureuser/repos/bolt_ok/mybot/bot.py", line 146, in main
    await init_db()
  File "/home/azureuser/repos/bolt_ok/mybot/database/setup.py", line 64, in init_db
    raise ValueError("DATABASE_URL debe comenzar con 'sqlite+aiosqlite://' para usar SQLite async.")
ValueError: DATABASE_URL debe comenzar con 'sqlite+aiosqlite://' para usar SQLite async.
2025-09-11 18:36:43,150 - __main__ - INFO - main:247 - Cerrando bot...
2025-09-11 18:36:43,150 - __main__ - ERROR - main:253 - Error durante el cierre: cannot access local variable 'task_manager' where it is not associated with a value
Traceback (most recent call last):
  File "/home/azureuser/repos/bolt_ok/mybot/bot.py", line 146, in main
    await init_db()
  File "/home/azureuser/repos/bolt_ok/mybot/database/setup.py", line 64, in init_db
    raise ValueError("DATABASE_URL debe comenzar con 'sqlite+aiosqlite://' para usar SQLite async.")
ValueError: DATABASE_URL debe comenzar con 'sqlite+aiosqlite://' para usar SQLite async.

During handling of the above exception, another exception occurred:

Traceback (most recent call last):
  File "/home/azureuser/repos/bolt_ok/mybot/bot.py", line 249, in main
    await task_manager.shutdown()
          ^^^^^^^^^^^^
UnboundLocalError: cannot access local variable 'task_manager' where it is not associated with a value
2025-09-11 18:36:43,151 - root - CRITICAL - <module>:262 - Error fatal: DATABASE_URL debe comenzar con 'sqlite+aiosqlite://' para usar SQLite async.
Traceback (most recent call last):
  File "/home/azureuser/repos/bolt_ok/mybot/bot.py", line 258, in <module>
    asyncio.run(main())
  File "/usr/lib/python3.12/asyncio/runners.py", line 194, in run
    return runner.run(main)
           ^^^^^^^^^^^^^^^^
  File "/usr/lib/python3.12/asyncio/runners.py", line 118, in run
    return self._loop.run_until_complete(task)
           ^^^^^^^^^^^^^^^^^^^^^^^^^^^^^^^^^^^
  File "/usr/lib/python3.12/asyncio/base_events.py", line 687, in run_until_complete
    return future.result()
           ^^^^^^^^^^^^^^^
  File "/home/azureuser/repos/bolt_ok/mybot/bot.py", line 146, in main
    await init_db()
  File "/home/azureuser/repos/bolt_ok/mybot/database/setup.py", line 64, in init_db
    raise ValueError("DATABASE_URL debe comenzar con 'sqlite+aiosqlite://' para usar SQLite async.")
ValueError: DATABASE_URL debe comenzar con 'sqlite+aiosqlite://' para usar SQLite async.
2025-09-11 18:37:31,548 - __main__ - INFO - main:145 - Inicializando base de datos...
2025-09-11 18:37:31,549 - database.setup - INFO - init_db:59 - Inicializando motor de base de datos SQLite...
2025-09-11 18:37:31,549 - database.setup - CRITICAL - init_db:82 - Error crítico al inicializar la base de datos: DATABASE_URL debe comenzar con 'sqlite+aiosqlite://' para usar SQLite async.
2025-09-11 18:37:31,549 - __main__ - CRITICAL - main:244 - Error crítico en main(): DATABASE_URL debe comenzar con 'sqlite+aiosqlite://' para usar SQLite async.
Traceback (most recent call last):
  File "/home/azureuser/repos/bolt_ok/mybot/bot.py", line 146, in main
    await init_db()
  File "/home/azureuser/repos/bolt_ok/mybot/database/setup.py", line 65, in init_db
    raise ValueError("DATABASE_URL debe comenzar con 'sqlite+aiosqlite://' para usar SQLite async.")
ValueError: DATABASE_URL debe comenzar con 'sqlite+aiosqlite://' para usar SQLite async.
2025-09-11 18:37:31,549 - __main__ - INFO - main:247 - Cerrando bot...
2025-09-11 18:37:31,550 - __main__ - ERROR - main:253 - Error durante el cierre: cannot access local variable 'task_manager' where it is not associated with a value
Traceback (most recent call last):
  File "/home/azureuser/repos/bolt_ok/mybot/bot.py", line 146, in main
    await init_db()
  File "/home/azureuser/repos/bolt_ok/mybot/database/setup.py", line 65, in init_db
    raise ValueError("DATABASE_URL debe comenzar con 'sqlite+aiosqlite://' para usar SQLite async.")
ValueError: DATABASE_URL debe comenzar con 'sqlite+aiosqlite://' para usar SQLite async.

During handling of the above exception, another exception occurred:

Traceback (most recent call last):
  File "/home/azureuser/repos/bolt_ok/mybot/bot.py", line 249, in main
    await task_manager.shutdown()
          ^^^^^^^^^^^^
UnboundLocalError: cannot access local variable 'task_manager' where it is not associated with a value
2025-09-11 18:37:31,551 - root - CRITICAL - <module>:262 - Error fatal: DATABASE_URL debe comenzar con 'sqlite+aiosqlite://' para usar SQLite async.
Traceback (most recent call last):
  File "/home/azureuser/repos/bolt_ok/mybot/bot.py", line 258, in <module>
    asyncio.run(main())
  File "/usr/lib/python3.12/asyncio/runners.py", line 194, in run
    return runner.run(main)
           ^^^^^^^^^^^^^^^^
  File "/usr/lib/python3.12/asyncio/runners.py", line 118, in run
    return self._loop.run_until_complete(task)
           ^^^^^^^^^^^^^^^^^^^^^^^^^^^^^^^^^^^
  File "/usr/lib/python3.12/asyncio/base_events.py", line 687, in run_until_complete
    return future.result()
           ^^^^^^^^^^^^^^^
  File "/home/azureuser/repos/bolt_ok/mybot/bot.py", line 146, in main
    await init_db()
  File "/home/azureuser/repos/bolt_ok/mybot/database/setup.py", line 65, in init_db
    raise ValueError("DATABASE_URL debe comenzar con 'sqlite+aiosqlite://' para usar SQLite async.")
ValueError: DATABASE_URL debe comenzar con 'sqlite+aiosqlite://' para usar SQLite async.
2025-09-11 18:39:29,081 - __main__ - INFO - main:143 - Inicializando base de datos...
2025-09-11 18:39:29,081 - database.setup - INFO - init_db:59 - Inicializando motor de base de datos SQLite...
2025-09-11 18:39:29,081 - database.setup - CRITICAL - init_db:81 - Error crítico al inicializar la base de datos: DATABASE_URL debe comenzar con 'sqlite+aiosqlite://' para usar SQLite async.
2025-09-11 18:39:29,081 - __main__ - CRITICAL - main:242 - Error crítico en main(): DATABASE_URL debe comenzar con 'sqlite+aiosqlite://' para usar SQLite async.
Traceback (most recent call last):
  File "/home/azureuser/repos/bolt_ok/mybot/bot.py", line 144, in main
    await init_db()
  File "/home/azureuser/repos/bolt_ok/mybot/database/setup.py", line 64, in init_db
    raise ValueError("DATABASE_URL debe comenzar con 'sqlite+aiosqlite://' para usar SQLite async.")
ValueError: DATABASE_URL debe comenzar con 'sqlite+aiosqlite://' para usar SQLite async.
2025-09-11 18:39:29,082 - __main__ - INFO - main:245 - Cerrando bot...
2025-09-11 18:39:29,082 - __main__ - ERROR - main:251 - Error durante el cierre: cannot access local variable 'task_manager' where it is not associated with a value
Traceback (most recent call last):
  File "/home/azureuser/repos/bolt_ok/mybot/bot.py", line 144, in main
    await init_db()
  File "/home/azureuser/repos/bolt_ok/mybot/database/setup.py", line 64, in init_db
    raise ValueError("DATABASE_URL debe comenzar con 'sqlite+aiosqlite://' para usar SQLite async.")
ValueError: DATABASE_URL debe comenzar con 'sqlite+aiosqlite://' para usar SQLite async.

During handling of the above exception, another exception occurred:

Traceback (most recent call last):
  File "/home/azureuser/repos/bolt_ok/mybot/bot.py", line 247, in main
    await task_manager.shutdown()
          ^^^^^^^^^^^^
UnboundLocalError: cannot access local variable 'task_manager' where it is not associated with a value
2025-09-11 18:39:29,083 - root - CRITICAL - <module>:260 - Error fatal: DATABASE_URL debe comenzar con 'sqlite+aiosqlite://' para usar SQLite async.
Traceback (most recent call last):
  File "/home/azureuser/repos/bolt_ok/mybot/bot.py", line 256, in <module>
    asyncio.run(main())
  File "/usr/lib/python3.12/asyncio/runners.py", line 194, in run
    return runner.run(main)
           ^^^^^^^^^^^^^^^^
  File "/usr/lib/python3.12/asyncio/runners.py", line 118, in run
    return self._loop.run_until_complete(task)
           ^^^^^^^^^^^^^^^^^^^^^^^^^^^^^^^^^^^
  File "/usr/lib/python3.12/asyncio/base_events.py", line 687, in run_until_complete
    return future.result()
           ^^^^^^^^^^^^^^^
  File "/home/azureuser/repos/bolt_ok/mybot/bot.py", line 144, in main
    await init_db()
  File "/home/azureuser/repos/bolt_ok/mybot/database/setup.py", line 64, in init_db
    raise ValueError("DATABASE_URL debe comenzar con 'sqlite+aiosqlite://' para usar SQLite async.")
ValueError: DATABASE_URL debe comenzar con 'sqlite+aiosqlite://' para usar SQLite async.
2025-09-11 18:41:15,774 - __main__ - INFO - main:145 - Inicializando base de datos...
2025-09-11 18:41:15,774 - database.setup - INFO - init_db:59 - Inicializando motor de base de datos SQLite...
2025-09-11 18:41:15,774 - database.setup - CRITICAL - init_db:81 - Error crítico al inicializar la base de datos: DATABASE_URL debe comenzar con 'sqlite+aiosqlite://' para usar SQLite async.
2025-09-11 18:41:15,774 - __main__ - CRITICAL - main:244 - Error crítico en main(): DATABASE_URL debe comenzar con 'sqlite+aiosqlite://' para usar SQLite async.
Traceback (most recent call last):
  File "/home/azureuser/repos/bolt_ok/mybot/bot.py", line 146, in main
    await init_db()
  File "/home/azureuser/repos/bolt_ok/mybot/database/setup.py", line 64, in init_db
    raise ValueError("DATABASE_URL debe comenzar con 'sqlite+aiosqlite://' para usar SQLite async.")
ValueError: DATABASE_URL debe comenzar con 'sqlite+aiosqlite://' para usar SQLite async.
2025-09-11 18:41:15,775 - __main__ - INFO - main:247 - Cerrando bot...
2025-09-11 18:41:15,776 - __main__ - ERROR - main:253 - Error durante el cierre: cannot access local variable 'task_manager' where it is not associated with a value
Traceback (most recent call last):
  File "/home/azureuser/repos/bolt_ok/mybot/bot.py", line 146, in main
    await init_db()
  File "/home/azureuser/repos/bolt_ok/mybot/database/setup.py", line 64, in init_db
    raise ValueError("DATABASE_URL debe comenzar con 'sqlite+aiosqlite://' para usar SQLite async.")
ValueError: DATABASE_URL debe comenzar con 'sqlite+aiosqlite://' para usar SQLite async.

During handling of the above exception, another exception occurred:

Traceback (most recent call last):
  File "/home/azureuser/repos/bolt_ok/mybot/bot.py", line 249, in main
    await task_manager.shutdown()
          ^^^^^^^^^^^^
UnboundLocalError: cannot access local variable 'task_manager' where it is not associated with a value
2025-09-11 18:41:15,776 - root - CRITICAL - <module>:262 - Error fatal: DATABASE_URL debe comenzar con 'sqlite+aiosqlite://' para usar SQLite async.
Traceback (most recent call last):
  File "/home/azureuser/repos/bolt_ok/mybot/bot.py", line 258, in <module>
    asyncio.run(main())
  File "/usr/lib/python3.12/asyncio/runners.py", line 194, in run
    return runner.run(main)
           ^^^^^^^^^^^^^^^^
  File "/usr/lib/python3.12/asyncio/runners.py", line 118, in run
    return self._loop.run_until_complete(task)
           ^^^^^^^^^^^^^^^^^^^^^^^^^^^^^^^^^^^
  File "/usr/lib/python3.12/asyncio/base_events.py", line 687, in run_until_complete
    return future.result()
           ^^^^^^^^^^^^^^^
  File "/home/azureuser/repos/bolt_ok/mybot/bot.py", line 146, in main
    await init_db()
  File "/home/azureuser/repos/bolt_ok/mybot/database/setup.py", line 64, in init_db
    raise ValueError("DATABASE_URL debe comenzar con 'sqlite+aiosqlite://' para usar SQLite async.")
ValueError: DATABASE_URL debe comenzar con 'sqlite+aiosqlite://' para usar SQLite async.
2025-09-11 18:42:50,082 - __main__ - INFO - main:145 - Inicializando base de datos...
2025-09-11 18:42:50,083 - database.setup - INFO - init_db:59 - Inicializando motor de base de datos SQLite...
2025-09-11 18:42:50,083 - database.setup - CRITICAL - init_db:81 - Error crítico al inicializar la base de datos: DATABASE_URL debe comenzar con 'sqlite+aiosqlite://' para usar SQLite async.
2025-09-11 18:42:50,083 - __main__ - CRITICAL - main:244 - Error crítico en main(): DATABASE_URL debe comenzar con 'sqlite+aiosqlite://' para usar SQLite async.
Traceback (most recent call last):
  File "/home/azureuser/repos/bolt_ok/mybot/bot.py", line 146, in main
    await init_db()
  File "/home/azureuser/repos/bolt_ok/mybot/database/setup.py", line 64, in init_db
    raise ValueError("DATABASE_URL debe comenzar con 'sqlite+aiosqlite://' para usar SQLite async.")
ValueError: DATABASE_URL debe comenzar con 'sqlite+aiosqlite://' para usar SQLite async.
2025-09-11 18:42:50,083 - __main__ - INFO - main:247 - Cerrando bot...
2025-09-11 18:42:50,083 - __main__ - ERROR - main:253 - Error durante el cierre: cannot access local variable 'task_manager' where it is not associated with a value
Traceback (most recent call last):
  File "/home/azureuser/repos/bolt_ok/mybot/bot.py", line 146, in main
    await init_db()
  File "/home/azureuser/repos/bolt_ok/mybot/database/setup.py", line 64, in init_db
    raise ValueError("DATABASE_URL debe comenzar con 'sqlite+aiosqlite://' para usar SQLite async.")
ValueError: DATABASE_URL debe comenzar con 'sqlite+aiosqlite://' para usar SQLite async.

During handling of the above exception, another exception occurred:

Traceback (most recent call last):
  File "/home/azureuser/repos/bolt_ok/mybot/bot.py", line 249, in main
    await task_manager.shutdown()
          ^^^^^^^^^^^^
UnboundLocalError: cannot access local variable 'task_manager' where it is not associated with a value
2025-09-11 18:42:50,084 - root - CRITICAL - <module>:262 - Error fatal: DATABASE_URL debe comenzar con 'sqlite+aiosqlite://' para usar SQLite async.
Traceback (most recent call last):
  File "/home/azureuser/repos/bolt_ok/mybot/bot.py", line 258, in <module>
    asyncio.run(main())
  File "/usr/lib/python3.12/asyncio/runners.py", line 194, in run
    return runner.run(main)
           ^^^^^^^^^^^^^^^^
  File "/usr/lib/python3.12/asyncio/runners.py", line 118, in run
    return self._loop.run_until_complete(task)
           ^^^^^^^^^^^^^^^^^^^^^^^^^^^^^^^^^^^
  File "/usr/lib/python3.12/asyncio/base_events.py", line 687, in run_until_complete
    return future.result()
           ^^^^^^^^^^^^^^^
  File "/home/azureuser/repos/bolt_ok/mybot/bot.py", line 146, in main
    await init_db()
  File "/home/azureuser/repos/bolt_ok/mybot/database/setup.py", line 64, in init_db
    raise ValueError("DATABASE_URL debe comenzar con 'sqlite+aiosqlite://' para usar SQLite async.")
ValueError: DATABASE_URL debe comenzar con 'sqlite+aiosqlite://' para usar SQLite async.
2025-09-11 18:44:18,939 - __main__ - INFO - main:145 - Inicializando base de datos...
2025-09-11 18:44:18,940 - database.setup - INFO - init_db:59 - Inicializando motor de base de datos SQLite...
2025-09-11 18:44:18,940 - database.setup - CRITICAL - init_db:81 - Error crítico al inicializar la base de datos: DATABASE_URL debe comenzar con 'sqlite+aiosqlite://' para usar SQLite async.
2025-09-11 18:44:18,940 - __main__ - CRITICAL - main:244 - Error crítico en main(): DATABASE_URL debe comenzar con 'sqlite+aiosqlite://' para usar SQLite async.
Traceback (most recent call last):
  File "/home/azureuser/repos/bolt_ok/mybot/bot.py", line 146, in main
    await init_db()
  File "/home/azureuser/repos/bolt_ok/mybot/database/setup.py", line 64, in init_db
    raise ValueError("DATABASE_URL debe comenzar con 'sqlite+aiosqlite://' para usar SQLite async.")
ValueError: DATABASE_URL debe comenzar con 'sqlite+aiosqlite://' para usar SQLite async.
2025-09-11 18:44:18,941 - __main__ - INFO - main:247 - Cerrando bot...
2025-09-11 18:44:18,941 - __main__ - ERROR - main:253 - Error durante el cierre: cannot access local variable 'task_manager' where it is not associated with a value
Traceback (most recent call last):
  File "/home/azureuser/repos/bolt_ok/mybot/bot.py", line 146, in main
    await init_db()
  File "/home/azureuser/repos/bolt_ok/mybot/database/setup.py", line 64, in init_db
    raise ValueError("DATABASE_URL debe comenzar con 'sqlite+aiosqlite://' para usar SQLite async.")
ValueError: DATABASE_URL debe comenzar con 'sqlite+aiosqlite://' para usar SQLite async.

During handling of the above exception, another exception occurred:

Traceback (most recent call last):
  File "/home/azureuser/repos/bolt_ok/mybot/bot.py", line 249, in main
    await task_manager.shutdown()
          ^^^^^^^^^^^^
UnboundLocalError: cannot access local variable 'task_manager' where it is not associated with a value
2025-09-11 18:44:18,942 - root - CRITICAL - <module>:262 - Error fatal: DATABASE_URL debe comenzar con 'sqlite+aiosqlite://' para usar SQLite async.
Traceback (most recent call last):
  File "/home/azureuser/repos/bolt_ok/mybot/bot.py", line 258, in <module>
    asyncio.run(main())
  File "/usr/lib/python3.12/asyncio/runners.py", line 194, in run
    return runner.run(main)
           ^^^^^^^^^^^^^^^^
  File "/usr/lib/python3.12/asyncio/runners.py", line 118, in run
    return self._loop.run_until_complete(task)
           ^^^^^^^^^^^^^^^^^^^^^^^^^^^^^^^^^^^
  File "/usr/lib/python3.12/asyncio/base_events.py", line 687, in run_until_complete
    return future.result()
           ^^^^^^^^^^^^^^^
  File "/home/azureuser/repos/bolt_ok/mybot/bot.py", line 146, in main
    await init_db()
  File "/home/azureuser/repos/bolt_ok/mybot/database/setup.py", line 64, in init_db
    raise ValueError("DATABASE_URL debe comenzar con 'sqlite+aiosqlite://' para usar SQLite async.")
ValueError: DATABASE_URL debe comenzar con 'sqlite+aiosqlite://' para usar SQLite async.
2025-09-11 19:16:52,890 - __main__ - INFO - main:147 - Inicializando base de datos...
2025-09-11 19:16:52,890 - database.setup - INFO - init_db:59 - Inicializando motor de base de datos SQLite...
2025-09-11 19:16:52,911 - database.setup - INFO - init_db:74 - Creando tablas en orden definido...
2025-09-11 19:16:53,782 - database.setup - INFO - init_db:77 - Tablas creadas exitosamente.
2025-09-11 19:16:53,783 - __main__ - INFO - main:150 - Aplicando parches de seguridad...
2025-09-11 19:16:53,783 - __main__ - INFO - main:155 - VIP channel ID: -1001468184215
2025-09-11 19:16:53,784 - __main__ - INFO - main:156 - Configurando bot...
2025-09-11 19:16:53,838 - __main__ - INFO - main:185 - Registrando handlers...
2025-09-11 19:16:53,839 - __main__ - INFO - main:214 - Router setup registrado
2025-09-11 19:16:53,839 - __main__ - INFO - main:214 - Router admin registrado
2025-09-11 19:16:53,839 - __main__ - INFO - main:214 - Router auction_admin registrado
2025-09-11 19:16:53,839 - __main__ - INFO - main:214 - Router start_token registrado
2025-09-11 19:16:53,839 - __main__ - INFO - main:214 - Router start registrado
2025-09-11 19:16:53,839 - __main__ - INFO - main:214 - Router main_menu registrado
2025-09-11 19:16:53,839 - __main__ - INFO - main:214 - Router backpack registrado
2025-09-11 19:16:53,839 - __main__ - INFO - main:214 - Router missions registrado
2025-09-11 19:16:53,839 - __main__ - INFO - main:214 - Router info registrado
2025-09-11 19:16:53,839 - __main__ - INFO - main:214 - Router free_channel_admin registrado
2025-09-11 19:16:53,839 - __main__ - INFO - main:214 - Router publication_test registrado
2025-09-11 19:16:53,839 - __main__ - INFO - main:214 - Router vip_menu registrado
2025-09-11 19:16:53,839 - __main__ - INFO - main:214 - Router auction_user registrado
2025-09-11 19:16:53,839 - __main__ - INFO - main:214 - Router reaction_callback registrado
2025-09-11 19:16:53,840 - __main__ - INFO - main:214 - Router daily_gift registrado
2025-09-11 19:16:53,840 - __main__ - INFO - main:214 - Router minigames registrado
2025-09-11 19:16:53,840 - __main__ - INFO - main:214 - Router gamification registrado
2025-09-11 19:16:53,840 - __main__ - INFO - main:214 - Router free_user registrado
2025-09-11 19:16:53,840 - __main__ - INFO - main:214 - Router lore registrado
2025-09-11 19:16:53,840 - __main__ - INFO - main:214 - Router combinar_pistas registrado
2025-09-11 19:16:53,840 - __main__ - INFO - main:214 - Router channel_access registrado
2025-09-11 19:16:53,840 - __main__ - INFO - main:214 - Router narrative registrado
2025-09-11 19:16:53,840 - __main__ - INFO - main:214 - Router admin_narrative registrado
2025-09-11 19:16:53,840 - __main__ - INFO - main:219 - Iniciando tareas en segundo plano...
2025-09-11 19:16:53,840 - __main__ - INFO - main:242 - Bot iniciado correctamente. Comenzando polling...
2025-09-11 19:16:53,841 - root - INFO - channel_request_scheduler:28 - Channel request scheduler started
2025-09-11 19:16:53,847 - root - INFO - vip_subscription_scheduler:125 - VIP subscription scheduler started
2025-09-11 19:16:53,849 - root - INFO - vip_membership_scheduler:145 - VIP membership scheduler started
2025-09-11 19:16:53,850 - root - INFO - auction_monitor_scheduler:177 - Auction monitor scheduler started
2025-09-11 19:16:53,852 - root - INFO - free_channel_cleanup_scheduler:204 - Free channel cleanup scheduler started
2025-09-11 19:16:53,915 - services.free_channel_service - INFO - cleanup_old_requests:440 - Cleaned up 0 old channel requests
2025-09-11 19:18:10,922 - services.user_service - INFO - create_user:35 - Created new user: 1280444712
2025-09-11 19:18:10,922 - middlewares.user_middleware - INFO - __call__:45 - Created new user via middleware: 1280444712
2025-09-11 19:18:10,937 - handlers.start - INFO - cmd_start:29 - Start command received from user 1280444712
2025-09-11 19:18:10,937 - handlers.start - INFO - cmd_start:71 - Admin user 1280444712 accessing start command
2025-09-11 19:18:10,966 - services.tenant_service - INFO - initialize_tenant:48 - Initialized tenant for admin 1280444712
2025-09-11 19:18:25,833 - handlers.start - INFO - cmd_start:29 - Start command received from user 1280444712
2025-09-11 19:18:25,833 - handlers.start - INFO - cmd_start:71 - Admin user 1280444712 accessing start command
2025-09-11 19:18:25,842 - services.tenant_service - INFO - initialize_tenant:48 - Initialized tenant for admin 1280444712
2025-09-11 19:18:34,013 - __main__ - ERROR - global_error_handler:91 - Error en 978978013: NameError: name 'get_admin_kb' is not defined
Traceback (most recent call last):
  File "/home/azureuser/repos/bolt_ok/mybot/venv/lib/python3.12/site-packages/aiogram/dispatcher/middlewares/error.py", line 25, in __call__
    return await handler(event, data)
           ^^^^^^^^^^^^^^^^^^^^^^^^^^
  File "/home/azureuser/repos/bolt_ok/mybot/venv/lib/python3.12/site-packages/aiogram/dispatcher/middlewares/user_context.py", line 56, in __call__
    return await handler(event, data)
           ^^^^^^^^^^^^^^^^^^^^^^^^^^
  File "/home/azureuser/repos/bolt_ok/mybot/venv/lib/python3.12/site-packages/aiogram/fsm/middleware.py", line 42, in __call__
    return await handler(event, data)
           ^^^^^^^^^^^^^^^^^^^^^^^^^^
  File "/home/azureuser/repos/bolt_ok/mybot/bot.py", line 44, in __call__
    return await handler(event, data)
           ^^^^^^^^^^^^^^^^^^^^^^^^^^
  File "/home/azureuser/repos/bolt_ok/mybot/middlewares/user_middleware.py", line 48, in __call__
    return await handler(event, data)
           ^^^^^^^^^^^^^^^^^^^^^^^^^^
  File "/home/azureuser/repos/bolt_ok/mybot/venv/lib/python3.12/site-packages/aiogram/dispatcher/event/telegram.py", line 121, in trigger
    return await wrapped_inner(event, kwargs)
           ^^^^^^^^^^^^^^^^^^^^^^^^^^^^^^^^^^
  File "/home/azureuser/repos/bolt_ok/mybot/venv/lib/python3.12/site-packages/aiogram/dispatcher/event/handler.py", line 43, in call
    return await wrapped()
           ^^^^^^^^^^^^^^^
  File "/home/azureuser/repos/bolt_ok/mybot/venv/lib/python3.12/site-packages/aiogram/dispatcher/dispatcher.py", line 276, in _listen_update
    return await self.propagate_event(update_type=update_type, event=event, **kwargs)
           ^^^^^^^^^^^^^^^^^^^^^^^^^^^^^^^^^^^^^^^^^^^^^^^^^^^^^^^^^^^^^^^^^^^^^^^^^^
  File "/home/azureuser/repos/bolt_ok/mybot/venv/lib/python3.12/site-packages/aiogram/dispatcher/router.py", line 146, in propagate_event
    return await observer.wrap_outer_middleware(_wrapped, event=event, data=kwargs)
           ^^^^^^^^^^^^^^^^^^^^^^^^^^^^^^^^^^^^^^^^^^^^^^^^^^^^^^^^^^^^^^^^^^^^^^^^
  File "/home/azureuser/repos/bolt_ok/mybot/venv/lib/python3.12/site-packages/aiogram/dispatcher/router.py", line 141, in _wrapped
    return await self._propagate_event(
           ^^^^^^^^^^^^^^^^^^^^^^^^^^^^
  File "/home/azureuser/repos/bolt_ok/mybot/venv/lib/python3.12/site-packages/aiogram/dispatcher/router.py", line 174, in _propagate_event
    response = await router.propagate_event(update_type=update_type, event=event, **kwargs)
               ^^^^^^^^^^^^^^^^^^^^^^^^^^^^^^^^^^^^^^^^^^^^^^^^^^^^^^^^^^^^^^^^^^^^^^^^^^^^
  File "/home/azureuser/repos/bolt_ok/mybot/venv/lib/python3.12/site-packages/aiogram/dispatcher/router.py", line 146, in propagate_event
    return await observer.wrap_outer_middleware(_wrapped, event=event, data=kwargs)
           ^^^^^^^^^^^^^^^^^^^^^^^^^^^^^^^^^^^^^^^^^^^^^^^^^^^^^^^^^^^^^^^^^^^^^^^^
  File "/home/azureuser/repos/bolt_ok/mybot/venv/lib/python3.12/site-packages/aiogram/dispatcher/router.py", line 141, in _wrapped
    return await self._propagate_event(
           ^^^^^^^^^^^^^^^^^^^^^^^^^^^^
  File "/home/azureuser/repos/bolt_ok/mybot/venv/lib/python3.12/site-packages/aiogram/dispatcher/router.py", line 166, in _propagate_event
    response = await observer.trigger(event, **kwargs)
               ^^^^^^^^^^^^^^^^^^^^^^^^^^^^^^^^^^^^^^^
  File "/home/azureuser/repos/bolt_ok/mybot/venv/lib/python3.12/site-packages/aiogram/dispatcher/event/telegram.py", line 121, in trigger
    return await wrapped_inner(event, kwargs)
           ^^^^^^^^^^^^^^^^^^^^^^^^^^^^^^^^^^
  File "/home/azureuser/repos/bolt_ok/mybot/middlewares/points_middleware.py", line 28, in __call__
    return await handler(event, data)
           ^^^^^^^^^^^^^^^^^^^^^^^^^^
  File "/home/azureuser/repos/bolt_ok/mybot/venv/lib/python3.12/site-packages/aiogram/dispatcher/event/handler.py", line 43, in call
    return await wrapped()
           ^^^^^^^^^^^^^^^
  File "/home/azureuser/repos/bolt_ok/mybot/handlers/admin/admin_menu.py", line 54, in admin_start
    reply_markup=get_admin_kb()
                 ^^^^^^^^^^^^
NameError: name 'get_admin_kb' is not defined. Did you mean: 'get_admin_main_kb'?
2025-09-11 19:24:56,249 - __main__ - INFO - main:147 - Inicializando base de datos...
2025-09-11 19:24:56,249 - database.setup - INFO - init_db:59 - Inicializando motor de base de datos SQLite...
2025-09-11 19:24:56,267 - database.setup - INFO - init_db:74 - Creando tablas en orden definido...
2025-09-11 19:24:56,290 - database.setup - INFO - init_db:77 - Tablas creadas exitosamente.
2025-09-11 19:24:56,291 - __main__ - INFO - main:150 - Aplicando parches de seguridad...
2025-09-11 19:24:56,291 - __main__ - INFO - main:155 - VIP channel ID: -1001468184215
2025-09-11 19:24:56,291 - __main__ - INFO - main:156 - Configurando bot...
2025-09-11 19:24:56,336 - __main__ - INFO - main:185 - Registrando handlers...
2025-09-11 19:24:56,336 - __main__ - INFO - main:214 - Router setup registrado
2025-09-11 19:24:56,336 - __main__ - INFO - main:214 - Router admin registrado
2025-09-11 19:24:56,336 - __main__ - INFO - main:214 - Router auction_admin registrado
2025-09-11 19:24:56,336 - __main__ - INFO - main:214 - Router start_token registrado
2025-09-11 19:24:56,337 - __main__ - INFO - main:214 - Router start registrado
2025-09-11 19:24:56,337 - __main__ - INFO - main:214 - Router main_menu registrado
2025-09-11 19:24:56,337 - __main__ - INFO - main:214 - Router backpack registrado
2025-09-11 19:24:56,337 - __main__ - INFO - main:214 - Router missions registrado
2025-09-11 19:24:56,337 - __main__ - INFO - main:214 - Router info registrado
2025-09-11 19:24:56,337 - __main__ - INFO - main:214 - Router free_channel_admin registrado
2025-09-11 19:24:56,337 - __main__ - INFO - main:214 - Router publication_test registrado
2025-09-11 19:24:56,337 - __main__ - INFO - main:214 - Router vip_menu registrado
2025-09-11 19:24:56,337 - __main__ - INFO - main:214 - Router auction_user registrado
2025-09-11 19:24:56,337 - __main__ - INFO - main:214 - Router reaction_callback registrado
2025-09-11 19:24:56,337 - __main__ - INFO - main:214 - Router daily_gift registrado
2025-09-11 19:24:56,337 - __main__ - INFO - main:214 - Router minigames registrado
2025-09-11 19:24:56,337 - __main__ - INFO - main:214 - Router gamification registrado
2025-09-11 19:24:56,337 - __main__ - INFO - main:214 - Router free_user registrado
2025-09-11 19:24:56,337 - __main__ - INFO - main:214 - Router lore registrado
2025-09-11 19:24:56,337 - __main__ - INFO - main:214 - Router combinar_pistas registrado
2025-09-11 19:24:56,337 - __main__ - INFO - main:214 - Router channel_access registrado
2025-09-11 19:24:56,337 - __main__ - INFO - main:214 - Router narrative registrado
2025-09-11 19:24:56,337 - __main__ - INFO - main:214 - Router admin_narrative registrado
2025-09-11 19:24:56,337 - __main__ - INFO - main:219 - Iniciando tareas en segundo plano...
2025-09-11 19:24:56,338 - __main__ - INFO - main:242 - Bot iniciado correctamente. Comenzando polling...
2025-09-11 19:24:56,338 - root - INFO - channel_request_scheduler:28 - Channel request scheduler started
2025-09-11 19:24:56,340 - root - INFO - vip_subscription_scheduler:125 - VIP subscription scheduler started
2025-09-11 19:24:56,341 - root - INFO - vip_membership_scheduler:145 - VIP membership scheduler started
2025-09-11 19:24:56,342 - root - INFO - auction_monitor_scheduler:177 - Auction monitor scheduler started
2025-09-11 19:24:56,346 - root - INFO - free_channel_cleanup_scheduler:204 - Free channel cleanup scheduler started
2025-09-11 19:24:56,418 - services.free_channel_service - INFO - cleanup_old_requests:440 - Cleaned up 0 old channel requests
2025-09-11 19:24:56,498 - handlers.start - INFO - cmd_start:29 - Start command received from user 1280444712
2025-09-11 19:24:56,498 - handlers.start - INFO - cmd_start:71 - Admin user 1280444712 accessing start command
2025-09-11 19:24:56,502 - handlers.start - INFO - cmd_start:29 - Start command received from user 1280444712
2025-09-11 19:24:56,502 - handlers.start - INFO - cmd_start:71 - Admin user 1280444712 accessing start command
2025-09-11 19:24:56,517 - services.tenant_service - INFO - initialize_tenant:48 - Initialized tenant for admin 1280444712
2025-09-11 19:24:56,521 - services.tenant_service - INFO - initialize_tenant:48 - Initialized tenant for admin 1280444712
2025-09-11 19:34:03,279 - aiogram.dispatcher - WARNING - _signal_stop_polling:491 - Received SIGTERM signal
2025-09-11 19:34:03,531 - __main__ - INFO - main:249 - Cerrando bot...
2025-09-11 19:34:03,532 - root - INFO - shutdown:128 - Cerrando tareas en segundo plano...
2025-09-11 19:34:03,532 - root - INFO - channel_request_scheduler:40 - Channel request scheduler cancelled
2025-09-11 19:34:03,533 - root - INFO - safe_task:117 - Tarea channel_requests cancelada
2025-09-11 19:34:03,537 - root - INFO - vip_subscription_scheduler:137 - VIP subscription scheduler cancelled
2025-09-11 19:34:03,537 - root - INFO - safe_task:117 - Tarea vip_subscriptions cancelada
2025-09-11 19:34:03,537 - root - INFO - vip_membership_scheduler:157 - VIP membership scheduler cancelled
2025-09-11 19:34:03,537 - root - INFO - safe_task:117 - Tarea vip_memberships cancelada
2025-09-11 19:34:03,537 - root - INFO - auction_monitor_scheduler:184 - Auction monitor scheduler cancelled
2025-09-11 19:34:03,538 - root - INFO - safe_task:117 - Tarea auction_monitor cancelada
2025-09-11 19:34:03,538 - root - INFO - free_channel_cleanup_scheduler:211 - Free channel cleanup scheduler cancelled
2025-09-11 19:34:03,538 - root - INFO - safe_task:117 - Tarea channel_cleanup cancelada
2025-09-11 19:34:03,538 - root - INFO - shutdown:137 - Todas las tareas cerradas
2025-09-11 19:39:34,692 - __main__ - INFO - main:147 - Inicializando base de datos...
2025-09-11 19:39:34,693 - database.setup - INFO - init_db:59 - Inicializando motor de base de datos SQLite...
2025-09-11 19:39:34,713 - database.setup - INFO - init_db:74 - Creando tablas en orden definido...
2025-09-11 19:39:34,736 - database.setup - INFO - init_db:77 - Tablas creadas exitosamente.
2025-09-11 19:39:34,737 - __main__ - INFO - main:150 - Aplicando parches de seguridad...
2025-09-11 19:39:34,737 - __main__ - INFO - main:155 - VIP channel ID: -1001468184215
2025-09-11 19:39:34,737 - __main__ - INFO - main:156 - Configurando bot...
2025-09-11 19:39:34,780 - __main__ - INFO - main:185 - Registrando handlers...
2025-09-11 19:39:34,780 - __main__ - INFO - main:214 - Router setup registrado
2025-09-11 19:39:34,780 - __main__ - INFO - main:214 - Router admin registrado
2025-09-11 19:39:34,781 - __main__ - INFO - main:214 - Router auction_admin registrado
2025-09-11 19:39:34,781 - __main__ - INFO - main:214 - Router start_token registrado
2025-09-11 19:39:34,781 - __main__ - INFO - main:214 - Router start registrado
2025-09-11 19:39:34,781 - __main__ - INFO - main:214 - Router main_menu registrado
2025-09-11 19:39:34,781 - __main__ - INFO - main:214 - Router backpack registrado
2025-09-11 19:39:34,781 - __main__ - INFO - main:214 - Router missions registrado
2025-09-11 19:39:34,781 - __main__ - INFO - main:214 - Router info registrado
2025-09-11 19:39:34,781 - __main__ - INFO - main:214 - Router free_channel_admin registrado
2025-09-11 19:39:34,781 - __main__ - INFO - main:214 - Router publication_test registrado
2025-09-11 19:39:34,781 - __main__ - INFO - main:214 - Router vip_menu registrado
2025-09-11 19:39:34,781 - __main__ - INFO - main:214 - Router auction_user registrado
2025-09-11 19:39:34,781 - __main__ - INFO - main:214 - Router reaction_callback registrado
2025-09-11 19:39:34,782 - __main__ - INFO - main:214 - Router daily_gift registrado
2025-09-11 19:39:34,782 - __main__ - INFO - main:214 - Router minigames registrado
2025-09-11 19:39:34,782 - __main__ - INFO - main:214 - Router gamification registrado
2025-09-11 19:39:34,782 - __main__ - INFO - main:214 - Router free_user registrado
2025-09-11 19:39:34,782 - __main__ - INFO - main:214 - Router lore registrado
2025-09-11 19:39:34,782 - __main__ - INFO - main:214 - Router combinar_pistas registrado
2025-09-11 19:39:34,782 - __main__ - INFO - main:214 - Router channel_access registrado
2025-09-11 19:39:34,782 - __main__ - INFO - main:214 - Router narrative registrado
2025-09-11 19:39:34,782 - __main__ - INFO - main:214 - Router admin_narrative registrado
2025-09-11 19:39:34,782 - __main__ - INFO - main:219 - Iniciando tareas en segundo plano...
2025-09-11 19:39:34,782 - __main__ - INFO - main:242 - Bot iniciado correctamente. Comenzando polling...
2025-09-11 19:39:34,783 - root - INFO - channel_request_scheduler:28 - Channel request scheduler started
2025-09-11 19:39:34,785 - root - INFO - vip_subscription_scheduler:125 - VIP subscription scheduler started
2025-09-11 19:39:34,786 - root - INFO - vip_membership_scheduler:145 - VIP membership scheduler started
2025-09-11 19:39:34,787 - root - INFO - auction_monitor_scheduler:177 - Auction monitor scheduler started
2025-09-11 19:39:34,788 - root - INFO - free_channel_cleanup_scheduler:204 - Free channel cleanup scheduler started
2025-09-11 19:39:34,858 - services.free_channel_service - INFO - cleanup_old_requests:440 - Cleaned up 0 old channel requests
2025-09-11 19:39:35,066 - services.subscription_service - INFO - create_subscription:32 - Created VIP subscription for user 1280444712, expires: None
2025-09-11 19:39:35,066 - root - INFO - run_vip_membership_check:120 - Synced 1 users to VIP role via channel
2025-09-11 19:40:26,883 - aiogram.dispatcher - WARNING - _signal_stop_polling:491 - Received SIGINT signal
2025-09-11 19:40:27,135 - __main__ - INFO - main:249 - Cerrando bot...
2025-09-11 19:40:27,135 - root - INFO - shutdown:128 - Cerrando tareas en segundo plano...
2025-09-11 19:40:27,135 - root - INFO - channel_request_scheduler:40 - Channel request scheduler cancelled
2025-09-11 19:40:27,135 - root - INFO - safe_task:117 - Tarea channel_requests cancelada
2025-09-11 19:40:27,136 - root - INFO - vip_subscription_scheduler:137 - VIP subscription scheduler cancelled
2025-09-11 19:40:27,136 - root - INFO - safe_task:117 - Tarea vip_subscriptions cancelada
2025-09-11 19:40:27,136 - root - INFO - vip_membership_scheduler:157 - VIP membership scheduler cancelled
2025-09-11 19:40:27,136 - root - INFO - safe_task:117 - Tarea vip_memberships cancelada
2025-09-11 19:40:27,136 - root - INFO - auction_monitor_scheduler:184 - Auction monitor scheduler cancelled
2025-09-11 19:40:27,136 - root - INFO - safe_task:117 - Tarea auction_monitor cancelada
2025-09-11 19:40:27,136 - root - INFO - free_channel_cleanup_scheduler:211 - Free channel cleanup scheduler cancelled
2025-09-11 19:40:27,136 - root - INFO - safe_task:117 - Tarea channel_cleanup cancelada
2025-09-11 19:40:27,136 - root - INFO - shutdown:137 - Todas las tareas cerradas
2025-09-11 20:49:03,584 - __main__ - INFO - main:147 - Inicializando base de datos...
2025-09-11 20:49:03,584 - database.setup - INFO - init_db:59 - Inicializando motor de base de datos SQLite...
2025-09-11 20:49:03,603 - database.setup - INFO - init_db:74 - Creando tablas en orden definido...
2025-09-11 20:49:03,625 - database.setup - INFO - init_db:77 - Tablas creadas exitosamente.
2025-09-11 20:49:03,626 - __main__ - INFO - main:150 - Aplicando parches de seguridad...
2025-09-11 20:49:03,627 - __main__ - INFO - main:155 - VIP channel ID: -1001468184215
2025-09-11 20:49:03,627 - __main__ - INFO - main:156 - Configurando bot...
2025-09-11 20:49:03,676 - __main__ - INFO - main:185 - Registrando handlers...
2025-09-11 20:49:03,676 - __main__ - INFO - main:214 - Router setup registrado
2025-09-11 20:49:03,676 - __main__ - INFO - main:214 - Router admin registrado
2025-09-11 20:49:03,676 - __main__ - INFO - main:214 - Router auction_admin registrado
2025-09-11 20:49:03,676 - __main__ - INFO - main:214 - Router start_token registrado
2025-09-11 20:49:03,676 - __main__ - INFO - main:214 - Router start registrado
2025-09-11 20:49:03,676 - __main__ - INFO - main:214 - Router main_menu registrado
2025-09-11 20:49:03,676 - __main__ - INFO - main:214 - Router backpack registrado
2025-09-11 20:49:03,676 - __main__ - INFO - main:214 - Router missions registrado
2025-09-11 20:49:03,676 - __main__ - INFO - main:214 - Router info registrado
2025-09-11 20:49:03,676 - __main__ - INFO - main:214 - Router free_channel_admin registrado
2025-09-11 20:49:03,676 - __main__ - INFO - main:214 - Router publication_test registrado
2025-09-11 20:49:03,676 - __main__ - INFO - main:214 - Router vip_menu registrado
2025-09-11 20:49:03,676 - __main__ - INFO - main:214 - Router auction_user registrado
2025-09-11 20:49:03,676 - __main__ - INFO - main:214 - Router reaction_callback registrado
2025-09-11 20:49:03,676 - __main__ - INFO - main:214 - Router daily_gift registrado
2025-09-11 20:49:03,677 - __main__ - INFO - main:214 - Router minigames registrado
2025-09-11 20:49:03,677 - __main__ - INFO - main:214 - Router gamification registrado
2025-09-11 20:49:03,677 - __main__ - INFO - main:214 - Router free_user registrado
2025-09-11 20:49:03,677 - __main__ - INFO - main:214 - Router lore registrado
2025-09-11 20:49:03,677 - __main__ - INFO - main:214 - Router combinar_pistas registrado
2025-09-11 20:49:03,677 - __main__ - INFO - main:214 - Router channel_access registrado
2025-09-11 20:49:03,677 - __main__ - INFO - main:214 - Router narrative registrado
2025-09-11 20:49:03,677 - __main__ - INFO - main:214 - Router admin_narrative registrado
2025-09-11 20:49:03,677 - __main__ - INFO - main:219 - Iniciando tareas en segundo plano...
2025-09-11 20:49:03,677 - __main__ - INFO - main:242 - Bot iniciado correctamente. Comenzando polling...
2025-09-11 20:49:03,678 - root - INFO - channel_request_scheduler:28 - Channel request scheduler started
2025-09-11 20:49:03,681 - root - INFO - vip_subscription_scheduler:125 - VIP subscription scheduler started
2025-09-11 20:49:03,684 - root - INFO - vip_membership_scheduler:145 - VIP membership scheduler started
2025-09-11 20:49:03,685 - root - INFO - auction_monitor_scheduler:177 - Auction monitor scheduler started
2025-09-11 20:49:03,686 - root - INFO - free_channel_cleanup_scheduler:204 - Free channel cleanup scheduler started
2025-09-11 20:49:03,763 - services.free_channel_service - INFO - cleanup_old_requests:440 - Cleaned up 0 old channel requests
2025-09-11 20:49:09,822 - aiogram.dispatcher - WARNING - _signal_stop_polling:491 - Received SIGTERM signal
2025-09-11 20:49:10,074 - __main__ - INFO - main:249 - Cerrando bot...
2025-09-11 20:49:10,075 - root - INFO - shutdown:128 - Cerrando tareas en segundo plano...
2025-09-11 20:49:10,075 - root - INFO - channel_request_scheduler:40 - Channel request scheduler cancelled
2025-09-11 20:49:10,075 - root - INFO - safe_task:117 - Tarea channel_requests cancelada
2025-09-11 20:49:10,075 - root - INFO - vip_subscription_scheduler:137 - VIP subscription scheduler cancelled
2025-09-11 20:49:10,075 - root - INFO - safe_task:117 - Tarea vip_subscriptions cancelada
2025-09-11 20:49:10,075 - root - INFO - vip_membership_scheduler:157 - VIP membership scheduler cancelled
2025-09-11 20:49:10,075 - root - INFO - safe_task:117 - Tarea vip_memberships cancelada
2025-09-11 20:49:10,075 - root - INFO - auction_monitor_scheduler:184 - Auction monitor scheduler cancelled
2025-09-11 20:49:10,075 - root - INFO - safe_task:117 - Tarea auction_monitor cancelada
2025-09-11 20:49:10,075 - root - INFO - free_channel_cleanup_scheduler:211 - Free channel cleanup scheduler cancelled
2025-09-11 20:49:10,075 - root - INFO - safe_task:117 - Tarea channel_cleanup cancelada
2025-09-11 20:49:10,076 - root - INFO - shutdown:137 - Todas las tareas cerradas
2025-09-11 20:59:40,143 - __main__ - INFO - main:147 - Inicializando base de datos...
2025-09-11 20:59:40,143 - database.setup - INFO - init_db:59 - Inicializando motor de base de datos SQLite...
2025-09-11 20:59:40,160 - database.setup - INFO - init_db:74 - Creando tablas en orden definido...
2025-09-11 20:59:40,181 - database.setup - INFO - init_db:77 - Tablas creadas exitosamente.
2025-09-11 20:59:40,181 - __main__ - INFO - main:150 - Aplicando parches de seguridad...
2025-09-11 20:59:40,182 - __main__ - INFO - main:155 - VIP channel ID: -1001468184215
2025-09-11 20:59:40,182 - __main__ - INFO - main:156 - Configurando bot...
2025-09-11 20:59:40,292 - __main__ - INFO - main:185 - Registrando handlers...
2025-09-11 20:59:40,292 - __main__ - INFO - main:214 - Router setup registrado
2025-09-11 20:59:40,292 - __main__ - INFO - main:214 - Router admin registrado
2025-09-11 20:59:40,292 - __main__ - INFO - main:214 - Router auction_admin registrado
2025-09-11 20:59:40,293 - __main__ - INFO - main:214 - Router start_token registrado
2025-09-11 20:59:40,293 - __main__ - INFO - main:214 - Router start registrado
2025-09-11 20:59:40,293 - __main__ - INFO - main:214 - Router main_menu registrado
2025-09-11 20:59:40,293 - __main__ - INFO - main:214 - Router backpack registrado
2025-09-11 20:59:40,293 - __main__ - INFO - main:214 - Router missions registrado
2025-09-11 20:59:40,293 - __main__ - INFO - main:214 - Router info registrado
2025-09-11 20:59:40,293 - __main__ - INFO - main:214 - Router free_channel_admin registrado
2025-09-11 20:59:40,293 - __main__ - INFO - main:214 - Router publication_test registrado
2025-09-11 20:59:40,293 - __main__ - INFO - main:214 - Router vip_menu registrado
2025-09-11 20:59:40,293 - __main__ - INFO - main:214 - Router auction_user registrado
2025-09-11 20:59:40,293 - __main__ - INFO - main:214 - Router reaction_callback registrado
2025-09-11 20:59:40,293 - __main__ - INFO - main:214 - Router daily_gift registrado
2025-09-11 20:59:40,293 - __main__ - INFO - main:214 - Router minigames registrado
2025-09-11 20:59:40,293 - __main__ - INFO - main:214 - Router gamification registrado
2025-09-11 20:59:40,293 - __main__ - INFO - main:214 - Router free_user registrado
2025-09-11 20:59:40,293 - __main__ - INFO - main:214 - Router lore registrado
2025-09-11 20:59:40,293 - __main__ - INFO - main:214 - Router combinar_pistas registrado
2025-09-11 20:59:40,293 - __main__ - INFO - main:214 - Router channel_access registrado
2025-09-11 20:59:40,293 - __main__ - INFO - main:214 - Router narrative registrado
2025-09-11 20:59:40,293 - __main__ - INFO - main:214 - Router admin_narrative registrado
2025-09-11 20:59:40,293 - __main__ - INFO - main:219 - Iniciando tareas en segundo plano...
2025-09-11 20:59:40,294 - __main__ - INFO - main:242 - Bot iniciado correctamente. Comenzando polling...
2025-09-11 20:59:40,294 - root - INFO - channel_request_scheduler:28 - Channel request scheduler started
2025-09-11 20:59:40,296 - root - INFO - vip_subscription_scheduler:125 - VIP subscription scheduler started
2025-09-11 20:59:40,297 - root - INFO - vip_membership_scheduler:145 - VIP membership scheduler started
2025-09-11 20:59:40,298 - root - INFO - auction_monitor_scheduler:177 - Auction monitor scheduler started
2025-09-11 20:59:40,299 - root - INFO - free_channel_cleanup_scheduler:204 - Free channel cleanup scheduler started
2025-09-11 20:59:40,383 - services.free_channel_service - INFO - cleanup_old_requests:440 - Cleaned up 0 old channel requests
2025-09-11 20:59:51,531 - aiogram.dispatcher - WARNING - _signal_stop_polling:491 - Received SIGTERM signal
2025-09-11 20:59:51,784 - __main__ - INFO - main:249 - Cerrando bot...
2025-09-11 20:59:51,784 - root - INFO - shutdown:128 - Cerrando tareas en segundo plano...
2025-09-11 20:59:51,784 - root - INFO - channel_request_scheduler:40 - Channel request scheduler cancelled
2025-09-11 20:59:51,784 - root - INFO - safe_task:117 - Tarea channel_requests cancelada
2025-09-11 20:59:51,784 - root - INFO - vip_subscription_scheduler:137 - VIP subscription scheduler cancelled
2025-09-11 20:59:51,784 - root - INFO - safe_task:117 - Tarea vip_subscriptions cancelada
2025-09-11 20:59:51,785 - root - INFO - vip_membership_scheduler:157 - VIP membership scheduler cancelled
2025-09-11 20:59:51,785 - root - INFO - safe_task:117 - Tarea vip_memberships cancelada
2025-09-11 20:59:51,785 - root - INFO - auction_monitor_scheduler:184 - Auction monitor scheduler cancelled
2025-09-11 20:59:51,785 - root - INFO - safe_task:117 - Tarea auction_monitor cancelada
2025-09-11 20:59:51,785 - root - INFO - free_channel_cleanup_scheduler:211 - Free channel cleanup scheduler cancelled
2025-09-11 20:59:51,785 - root - INFO - safe_task:117 - Tarea channel_cleanup cancelada
2025-09-11 20:59:51,785 - root - INFO - shutdown:137 - Todas las tareas cerradas
2025-09-11 21:01:18,512 - __main__ - INFO - main:147 - Inicializando base de datos...
2025-09-11 21:01:18,512 - database.setup - INFO - init_db:59 - Inicializando motor de base de datos SQLite...
2025-09-11 21:01:18,533 - database.setup - INFO - init_db:74 - Creando tablas en orden definido...
2025-09-11 21:01:18,559 - database.setup - INFO - init_db:77 - Tablas creadas exitosamente.
2025-09-11 21:01:18,560 - __main__ - INFO - main:150 - Aplicando parches de seguridad...
2025-09-11 21:01:18,561 - __main__ - INFO - main:155 - VIP channel ID: -1001468184215
2025-09-11 21:01:18,561 - __main__ - INFO - main:156 - Configurando bot...
2025-09-11 21:01:18,605 - __main__ - INFO - main:185 - Registrando handlers...
2025-09-11 21:01:18,605 - __main__ - INFO - main:214 - Router setup registrado
2025-09-11 21:01:18,605 - __main__ - INFO - main:214 - Router admin registrado
2025-09-11 21:01:18,605 - __main__ - INFO - main:214 - Router auction_admin registrado
2025-09-11 21:01:18,605 - __main__ - INFO - main:214 - Router start_token registrado
2025-09-11 21:01:18,605 - __main__ - INFO - main:214 - Router start registrado
2025-09-11 21:01:18,605 - __main__ - INFO - main:214 - Router main_menu registrado
2025-09-11 21:01:18,606 - __main__ - INFO - main:214 - Router backpack registrado
2025-09-11 21:01:18,606 - __main__ - INFO - main:214 - Router missions registrado
2025-09-11 21:01:18,606 - __main__ - INFO - main:214 - Router info registrado
2025-09-11 21:01:18,606 - __main__ - INFO - main:214 - Router free_channel_admin registrado
2025-09-11 21:01:18,606 - __main__ - INFO - main:214 - Router publication_test registrado
2025-09-11 21:01:18,606 - __main__ - INFO - main:214 - Router vip_menu registrado
2025-09-11 21:01:18,606 - __main__ - INFO - main:214 - Router auction_user registrado
2025-09-11 21:01:18,606 - __main__ - INFO - main:214 - Router reaction_callback registrado
2025-09-11 21:01:18,606 - __main__ - INFO - main:214 - Router daily_gift registrado
2025-09-11 21:01:18,606 - __main__ - INFO - main:214 - Router minigames registrado
2025-09-11 21:01:18,606 - __main__ - INFO - main:214 - Router gamification registrado
2025-09-11 21:01:18,606 - __main__ - INFO - main:214 - Router free_user registrado
2025-09-11 21:01:18,606 - __main__ - INFO - main:214 - Router lore registrado
2025-09-11 21:01:18,606 - __main__ - INFO - main:214 - Router combinar_pistas registrado
2025-09-11 21:01:18,606 - __main__ - INFO - main:214 - Router channel_access registrado
2025-09-11 21:01:18,606 - __main__ - INFO - main:214 - Router narrative registrado
2025-09-11 21:01:18,607 - __main__ - INFO - main:214 - Router admin_narrative registrado
2025-09-11 21:01:18,607 - __main__ - INFO - main:219 - Iniciando tareas en segundo plano...
2025-09-11 21:01:18,607 - __main__ - INFO - main:242 - Bot iniciado correctamente. Comenzando polling...
2025-09-11 21:01:18,609 - root - INFO - channel_request_scheduler:28 - Channel request scheduler started
2025-09-11 21:01:18,611 - root - INFO - vip_subscription_scheduler:125 - VIP subscription scheduler started
2025-09-11 21:01:18,614 - root - INFO - vip_membership_scheduler:145 - VIP membership scheduler started
2025-09-11 21:01:18,614 - root - INFO - auction_monitor_scheduler:177 - Auction monitor scheduler started
2025-09-11 21:01:18,615 - root - INFO - free_channel_cleanup_scheduler:204 - Free channel cleanup scheduler started
2025-09-11 21:01:18,686 - services.free_channel_service - INFO - cleanup_old_requests:440 - Cleaned up 0 old channel requests
2025-09-11 21:01:24,897 - aiogram.dispatcher - WARNING - _signal_stop_polling:491 - Received SIGTERM signal
2025-09-11 21:01:25,149 - __main__ - INFO - main:249 - Cerrando bot...
2025-09-11 21:01:25,150 - root - INFO - shutdown:128 - Cerrando tareas en segundo plano...
2025-09-11 21:01:25,150 - root - INFO - channel_request_scheduler:40 - Channel request scheduler cancelled
2025-09-11 21:01:25,150 - root - INFO - safe_task:117 - Tarea channel_requests cancelada
2025-09-11 21:01:25,150 - root - INFO - vip_subscription_scheduler:137 - VIP subscription scheduler cancelled
2025-09-11 21:01:25,150 - root - INFO - safe_task:117 - Tarea vip_subscriptions cancelada
2025-09-11 21:01:25,150 - root - INFO - vip_membership_scheduler:157 - VIP membership scheduler cancelled
2025-09-11 21:01:25,150 - root - INFO - safe_task:117 - Tarea vip_memberships cancelada
2025-09-11 21:01:25,150 - root - INFO - auction_monitor_scheduler:184 - Auction monitor scheduler cancelled
2025-09-11 21:01:25,150 - root - INFO - safe_task:117 - Tarea auction_monitor cancelada
2025-09-11 21:01:25,150 - root - INFO - free_channel_cleanup_scheduler:211 - Free channel cleanup scheduler cancelled
2025-09-11 21:01:25,150 - root - INFO - safe_task:117 - Tarea channel_cleanup cancelada
2025-09-11 21:01:25,152 - root - INFO - shutdown:137 - Todas las tareas cerradas
2025-09-11 21:03:56,598 - __main__ - INFO - main:147 - Inicializando base de datos...
2025-09-11 21:03:56,598 - database.setup - INFO - init_db:59 - Inicializando motor de base de datos SQLite...
2025-09-11 21:03:56,617 - database.setup - INFO - init_db:74 - Creando tablas en orden definido...
2025-09-11 21:03:56,664 - database.setup - INFO - init_db:77 - Tablas creadas exitosamente.
2025-09-11 21:03:56,666 - __main__ - INFO - main:150 - Aplicando parches de seguridad...
2025-09-11 21:03:56,666 - __main__ - INFO - main:155 - VIP channel ID: -1001468184215
2025-09-11 21:03:56,666 - __main__ - INFO - main:156 - Configurando bot...
2025-09-11 21:03:56,715 - __main__ - INFO - main:185 - Registrando handlers...
2025-09-11 21:03:56,715 - __main__ - INFO - main:214 - Router setup registrado
2025-09-11 21:03:56,715 - __main__ - INFO - main:214 - Router admin registrado
2025-09-11 21:03:56,715 - __main__ - INFO - main:214 - Router auction_admin registrado
2025-09-11 21:03:56,715 - __main__ - INFO - main:214 - Router start_token registrado
2025-09-11 21:03:56,716 - __main__ - INFO - main:214 - Router start registrado
2025-09-11 21:03:56,716 - __main__ - INFO - main:214 - Router main_menu registrado
2025-09-11 21:03:56,716 - __main__ - INFO - main:214 - Router backpack registrado
2025-09-11 21:03:56,716 - __main__ - INFO - main:214 - Router missions registrado
2025-09-11 21:03:56,716 - __main__ - INFO - main:214 - Router info registrado
2025-09-11 21:03:56,716 - __main__ - INFO - main:214 - Router free_channel_admin registrado
2025-09-11 21:03:56,716 - __main__ - INFO - main:214 - Router publication_test registrado
2025-09-11 21:03:56,716 - __main__ - INFO - main:214 - Router vip_menu registrado
2025-09-11 21:03:56,716 - __main__ - INFO - main:214 - Router auction_user registrado
2025-09-11 21:03:56,716 - __main__ - INFO - main:214 - Router reaction_callback registrado
2025-09-11 21:03:56,716 - __main__ - INFO - main:214 - Router daily_gift registrado
2025-09-11 21:03:56,716 - __main__ - INFO - main:214 - Router minigames registrado
2025-09-11 21:03:56,716 - __main__ - INFO - main:214 - Router gamification registrado
2025-09-11 21:03:56,717 - __main__ - INFO - main:214 - Router free_user registrado
2025-09-11 21:03:56,717 - __main__ - INFO - main:214 - Router lore registrado
2025-09-11 21:03:56,717 - __main__ - INFO - main:214 - Router combinar_pistas registrado
2025-09-11 21:03:56,717 - __main__ - INFO - main:214 - Router channel_access registrado
2025-09-11 21:03:56,717 - __main__ - INFO - main:214 - Router narrative registrado
2025-09-11 21:03:56,717 - __main__ - INFO - main:214 - Router admin_narrative registrado
2025-09-11 21:03:56,717 - __main__ - INFO - main:219 - Iniciando tareas en segundo plano...
2025-09-11 21:03:56,717 - __main__ - INFO - main:242 - Bot iniciado correctamente. Comenzando polling...
2025-09-11 21:03:56,718 - root - INFO - channel_request_scheduler:28 - Channel request scheduler started
2025-09-11 21:03:56,721 - root - INFO - vip_subscription_scheduler:125 - VIP subscription scheduler started
2025-09-11 21:03:56,722 - root - INFO - vip_membership_scheduler:145 - VIP membership scheduler started
2025-09-11 21:03:56,722 - root - INFO - auction_monitor_scheduler:177 - Auction monitor scheduler started
2025-09-11 21:03:56,724 - root - INFO - free_channel_cleanup_scheduler:204 - Free channel cleanup scheduler started
2025-09-11 21:03:56,807 - services.free_channel_service - INFO - cleanup_old_requests:440 - Cleaned up 0 old channel requests
2025-09-11 21:04:40,048 - handlers.start - INFO - cmd_start:29 - Start command received from user 1280444712
2025-09-11 21:04:40,048 - handlers.start - INFO - cmd_start:71 - Admin user 1280444712 accessing start command
2025-09-11 21:04:40,074 - services.tenant_service - INFO - initialize_tenant:48 - Initialized tenant for admin 1280444712
2025-09-11 21:05:06,742 - services.user_service - INFO - create_user:35 - Created new user: 6181290784
2025-09-11 21:05:06,742 - middlewares.user_middleware - INFO - __call__:45 - Created new user via middleware: 6181290784
2025-09-11 21:05:06,759 - handlers.start - INFO - cmd_start:29 - Start command received from user 6181290784
2025-09-11 21:05:06,760 - handlers.start - INFO - cmd_start:115 - Regular user 6181290784 accessing start command
2025-09-11 21:06:34,016 - aiogram.dispatcher - WARNING - _signal_stop_polling:491 - Received SIGINT signal
2025-09-11 21:06:34,268 - __main__ - INFO - main:249 - Cerrando bot...
2025-09-11 21:06:34,268 - root - INFO - shutdown:128 - Cerrando tareas en segundo plano...
2025-09-11 21:06:34,268 - root - INFO - channel_request_scheduler:40 - Channel request scheduler cancelled
2025-09-11 21:06:34,268 - root - INFO - safe_task:117 - Tarea channel_requests cancelada
2025-09-11 21:06:34,268 - root - INFO - vip_subscription_scheduler:137 - VIP subscription scheduler cancelled
2025-09-11 21:06:34,269 - root - INFO - safe_task:117 - Tarea vip_subscriptions cancelada
2025-09-11 21:06:34,269 - root - INFO - vip_membership_scheduler:157 - VIP membership scheduler cancelled
2025-09-11 21:06:34,269 - root - INFO - safe_task:117 - Tarea vip_memberships cancelada
2025-09-11 21:06:34,269 - root - INFO - auction_monitor_scheduler:184 - Auction monitor scheduler cancelled
2025-09-11 21:06:34,269 - root - INFO - safe_task:117 - Tarea auction_monitor cancelada
2025-09-11 21:06:34,269 - root - INFO - free_channel_cleanup_scheduler:211 - Free channel cleanup scheduler cancelled
2025-09-11 21:06:34,269 - root - INFO - safe_task:117 - Tarea channel_cleanup cancelada
2025-09-11 21:06:34,269 - root - INFO - shutdown:137 - Todas las tareas cerradas
2025-09-11 23:25:00,213 - __main__ - INFO - main:147 - Inicializando base de datos...
2025-09-11 23:25:00,214 - database.setup - INFO - init_db:59 - Inicializando motor de base de datos SQLite...
2025-09-11 23:25:00,229 - database.setup - INFO - init_db:74 - Creando tablas en orden definido...
2025-09-11 23:25:00,249 - database.setup - INFO - init_db:77 - Tablas creadas exitosamente.
2025-09-11 23:25:00,250 - __main__ - INFO - main:150 - Aplicando parches de seguridad...
2025-09-11 23:25:00,250 - __main__ - INFO - main:155 - VIP channel ID: -1001468184215
2025-09-11 23:25:00,251 - __main__ - INFO - main:156 - Configurando bot...
2025-09-11 23:25:00,295 - __main__ - INFO - main:185 - Registrando handlers...
2025-09-11 23:25:00,295 - __main__ - INFO - main:214 - Router setup registrado
2025-09-11 23:25:00,295 - __main__ - INFO - main:214 - Router admin registrado
2025-09-11 23:25:00,295 - __main__ - INFO - main:214 - Router auction_admin registrado
2025-09-11 23:25:00,295 - __main__ - INFO - main:214 - Router start_token registrado
2025-09-11 23:25:00,295 - __main__ - INFO - main:214 - Router start registrado
2025-09-11 23:25:00,295 - __main__ - INFO - main:214 - Router main_menu registrado
2025-09-11 23:25:00,295 - __main__ - INFO - main:214 - Router backpack registrado
2025-09-11 23:25:00,295 - __main__ - INFO - main:214 - Router missions registrado
2025-09-11 23:25:00,296 - __main__ - INFO - main:214 - Router info registrado
2025-09-11 23:25:00,296 - __main__ - INFO - main:214 - Router free_channel_admin registrado
2025-09-11 23:25:00,296 - __main__ - INFO - main:214 - Router publication_test registrado
2025-09-11 23:25:00,296 - __main__ - INFO - main:214 - Router vip_menu registrado
2025-09-11 23:25:00,296 - __main__ - INFO - main:214 - Router auction_user registrado
2025-09-11 23:25:00,296 - __main__ - INFO - main:214 - Router reaction_callback registrado
2025-09-11 23:25:00,296 - __main__ - INFO - main:214 - Router daily_gift registrado
2025-09-11 23:25:00,296 - __main__ - INFO - main:214 - Router minigames registrado
2025-09-11 23:25:00,296 - __main__ - INFO - main:214 - Router gamification registrado
2025-09-11 23:25:00,296 - __main__ - INFO - main:214 - Router free_user registrado
2025-09-11 23:25:00,296 - __main__ - INFO - main:214 - Router lore registrado
2025-09-11 23:25:00,296 - __main__ - INFO - main:214 - Router combinar_pistas registrado
2025-09-11 23:25:00,296 - __main__ - INFO - main:214 - Router channel_access registrado
2025-09-11 23:25:00,296 - __main__ - INFO - main:214 - Router narrative registrado
2025-09-11 23:25:00,296 - __main__ - INFO - main:214 - Router admin_narrative registrado
2025-09-11 23:25:00,296 - __main__ - INFO - main:219 - Iniciando tareas en segundo plano...
2025-09-11 23:25:00,297 - __main__ - INFO - main:242 - Bot iniciado correctamente. Comenzando polling...
2025-09-11 23:25:00,297 - root - INFO - channel_request_scheduler:28 - Channel request scheduler started
2025-09-11 23:25:00,299 - root - INFO - vip_subscription_scheduler:125 - VIP subscription scheduler started
2025-09-11 23:25:00,300 - root - INFO - vip_membership_scheduler:145 - VIP membership scheduler started
2025-09-11 23:25:00,301 - root - INFO - auction_monitor_scheduler:177 - Auction monitor scheduler started
2025-09-11 23:25:00,303 - root - INFO - free_channel_cleanup_scheduler:204 - Free channel cleanup scheduler started
2025-09-11 23:25:00,318 - root - ERROR - run_auction_monitor_check:172 - Error in auction monitor check: One or more mappers failed to initialize - can't proceed with initialization of other mappers. Triggering mapper: 'Mapper[StoryFragment(story_fragments)]'. Original exception was: Mapper 'Mapper[Achievement(achievements)]' has no property 'story_fragments'.  If this property was indicated from other mappers or configure events, ensure registry.configure() has been called.
Traceback (most recent call last):
  File "/home/azureuser/repos/bolt_ok/mybot/services/scheduler.py", line 168, in run_auction_monitor_check
    expired_auctions = await auction_service.check_expired_auctions(bot)
                       ^^^^^^^^^^^^^^^^^^^^^^^^^^^^^^^^^^^^^^^^^^^^^^^^^
  File "/home/azureuser/repos/bolt_ok/mybot/services/auction_service.py", line 304, in check_expired_auctions
    result = await self.session.execute(stmt)
             ^^^^^^^^^^^^^^^^^^^^^^^^^^^^^^^^
  File "/home/azureuser/repos/bolt_ok/mybot/venv/lib/python3.12/site-packages/sqlalchemy/ext/asyncio/session.py", line 463, in execute
    result = await greenlet_spawn(
             ^^^^^^^^^^^^^^^^^^^^^
  File "/home/azureuser/repos/bolt_ok/mybot/venv/lib/python3.12/site-packages/sqlalchemy/util/_concurrency_py3k.py", line 203, in greenlet_spawn
    result = context.switch(value)
             ^^^^^^^^^^^^^^^^^^^^^
  File "/home/azureuser/repos/bolt_ok/mybot/venv/lib/python3.12/site-packages/sqlalchemy/orm/session.py", line 2365, in execute
    return self._execute_internal(
           ^^^^^^^^^^^^^^^^^^^^^^^
  File "/home/azureuser/repos/bolt_ok/mybot/venv/lib/python3.12/site-packages/sqlalchemy/orm/session.py", line 2251, in _execute_internal
    result: Result[Any] = compile_state_cls.orm_execute_statement(
                          ^^^^^^^^^^^^^^^^^^^^^^^^^^^^^^^^^^^^^^^^
  File "/home/azureuser/repos/bolt_ok/mybot/venv/lib/python3.12/site-packages/sqlalchemy/orm/context.py", line 306, in orm_execute_statement
    result = conn.execute(
             ^^^^^^^^^^^^^
  File "/home/azureuser/repos/bolt_ok/mybot/venv/lib/python3.12/site-packages/sqlalchemy/engine/base.py", line 1419, in execute
    return meth(
           ^^^^^
  File "/home/azureuser/repos/bolt_ok/mybot/venv/lib/python3.12/site-packages/sqlalchemy/sql/elements.py", line 526, in _execute_on_connection
    return connection._execute_clauseelement(
           ^^^^^^^^^^^^^^^^^^^^^^^^^^^^^^^^^^
  File "/home/azureuser/repos/bolt_ok/mybot/venv/lib/python3.12/site-packages/sqlalchemy/engine/base.py", line 1633, in _execute_clauseelement
    compiled_sql, extracted_params, cache_hit = elem._compile_w_cache(
                                                ^^^^^^^^^^^^^^^^^^^^^^
  File "/home/azureuser/repos/bolt_ok/mybot/venv/lib/python3.12/site-packages/sqlalchemy/sql/elements.py", line 715, in _compile_w_cache
    compiled_sql = self._compiler(
                   ^^^^^^^^^^^^^^^
  File "/home/azureuser/repos/bolt_ok/mybot/venv/lib/python3.12/site-packages/sqlalchemy/sql/elements.py", line 323, in _compiler
    return dialect.statement_compiler(dialect, self, **kw)
           ^^^^^^^^^^^^^^^^^^^^^^^^^^^^^^^^^^^^^^^^^^^^^^^
  File "/home/azureuser/repos/bolt_ok/mybot/venv/lib/python3.12/site-packages/sqlalchemy/sql/compiler.py", line 1446, in __init__
    Compiled.__init__(self, dialect, statement, **kwargs)
  File "/home/azureuser/repos/bolt_ok/mybot/venv/lib/python3.12/site-packages/sqlalchemy/sql/compiler.py", line 886, in __init__
    self.string = self.process(self.statement, **compile_kwargs)
                  ^^^^^^^^^^^^^^^^^^^^^^^^^^^^^^^^^^^^^^^^^^^^^^
  File "/home/azureuser/repos/bolt_ok/mybot/venv/lib/python3.12/site-packages/sqlalchemy/sql/compiler.py", line 932, in process
    return obj._compiler_dispatch(self, **kwargs)
           ^^^^^^^^^^^^^^^^^^^^^^^^^^^^^^^^^^^^^^
  File "/home/azureuser/repos/bolt_ok/mybot/venv/lib/python3.12/site-packages/sqlalchemy/sql/visitors.py", line 138, in _compiler_dispatch
    return meth(self, **kw)  # type: ignore  # noqa: E501
           ^^^^^^^^^^^^^^^^
  File "/home/azureuser/repos/bolt_ok/mybot/venv/lib/python3.12/site-packages/sqlalchemy/sql/compiler.py", line 4781, in visit_select
    compile_state = select_stmt._compile_state_factory(
                    ^^^^^^^^^^^^^^^^^^^^^^^^^^^^^^^^^^^
  File "/home/azureuser/repos/bolt_ok/mybot/venv/lib/python3.12/site-packages/sqlalchemy/sql/base.py", line 701, in create_for_statement
    return klass.create_for_statement(statement, compiler, **kw)
           ^^^^^^^^^^^^^^^^^^^^^^^^^^^^^^^^^^^^^^^^^^^^^^^^^^^^^
  File "/home/azureuser/repos/bolt_ok/mybot/venv/lib/python3.12/site-packages/sqlalchemy/orm/context.py", line 447, in create_for_statement
    return cls._create_orm_context(
           ^^^^^^^^^^^^^^^^^^^^^^^^
  File "/home/azureuser/repos/bolt_ok/mybot/venv/lib/python3.12/site-packages/sqlalchemy/orm/context.py", line 1175, in _create_orm_context
    _QueryEntity.to_compile_state(
  File "/home/azureuser/repos/bolt_ok/mybot/venv/lib/python3.12/site-packages/sqlalchemy/orm/context.py", line 2628, in to_compile_state
    _MapperEntity(
  File "/home/azureuser/repos/bolt_ok/mybot/venv/lib/python3.12/site-packages/sqlalchemy/orm/context.py", line 2708, in __init__
    entity._post_inspect
  File "/home/azureuser/repos/bolt_ok/mybot/venv/lib/python3.12/site-packages/sqlalchemy/util/langhelpers.py", line 1338, in __get__
    obj.__dict__[self.__name__] = result = self.fget(obj)
                                           ^^^^^^^^^^^^^^
  File "/home/azureuser/repos/bolt_ok/mybot/venv/lib/python3.12/site-packages/sqlalchemy/orm/mapper.py", line 2724, in _post_inspect
    self._check_configure()
  File "/home/azureuser/repos/bolt_ok/mybot/venv/lib/python3.12/site-packages/sqlalchemy/orm/mapper.py", line 2401, in _check_configure
    _configure_registries({self.registry}, cascade=True)
  File "/home/azureuser/repos/bolt_ok/mybot/venv/lib/python3.12/site-packages/sqlalchemy/orm/mapper.py", line 4218, in _configure_registries
    _do_configure_registries(registries, cascade)
  File "/home/azureuser/repos/bolt_ok/mybot/venv/lib/python3.12/site-packages/sqlalchemy/orm/mapper.py", line 4255, in _do_configure_registries
    raise e
sqlalchemy.exc.InvalidRequestError: One or more mappers failed to initialize - can't proceed with initialization of other mappers. Triggering mapper: 'Mapper[StoryFragment(story_fragments)]'. Original exception was: Mapper 'Mapper[Achievement(achievements)]' has no property 'story_fragments'.  If this property was indicated from other mappers or configure events, ensure registry.configure() has been called.
2025-09-11 23:25:00,328 - services.free_channel_service - ERROR - cleanup_old_requests:444 - Error cleaning up old requests: One or more mappers failed to initialize - can't proceed with initialization of other mappers. Triggering mapper: 'Mapper[StoryFragment(story_fragments)]'. Original exception was: Mapper 'Mapper[Achievement(achievements)]' has no property 'story_fragments'.  If this property was indicated from other mappers or configure events, ensure registry.configure() has been called.
2025-09-11 23:25:00,329 - root - ERROR - vip_membership_scheduler:160 - Unhandled error in VIP membership scheduler
Traceback (most recent call last):
  File "/home/azureuser/repos/bolt_ok/mybot/venv/lib/python3.12/site-packages/sqlalchemy/orm/mapper.py", line 2522, in get_property
    return self._props[key]
           ~~~~~~~~~~~^^^^^
KeyError: 'story_fragments'

The above exception was the direct cause of the following exception:

Traceback (most recent call last):
  File "/home/azureuser/repos/bolt_ok/mybot/services/scheduler.py", line 149, in vip_membership_scheduler
    await run_vip_membership_check(bot, session_factory)
  File "/home/azureuser/repos/bolt_ok/mybot/services/scheduler.py", line 99, in run_vip_membership_check
    vip_channel_id = await ConfigService(session).get_vip_channel_id()
                     ^^^^^^^^^^^^^^^^^^^^^^^^^^^^^^^^^^^^^^^^^^^^^^^^^
  File "/home/azureuser/repos/bolt_ok/mybot/services/config_service.py", line 37, in get_vip_channel_id
    value = await self.get_value(self.VIP_CHANNEL_KEY)
            ^^^^^^^^^^^^^^^^^^^^^^^^^^^^^^^^^^^^^^^^^^
  File "/home/azureuser/repos/bolt_ok/mybot/services/config_service.py", line 20, in get_value
    entry = await self.session.get(ConfigEntry, key)
            ^^^^^^^^^^^^^^^^^^^^^^^^^^^^^^^^^^^^^^^^
  File "/home/azureuser/repos/bolt_ok/mybot/venv/lib/python3.12/site-packages/sqlalchemy/ext/asyncio/session.py", line 606, in get
    return await greenlet_spawn(
           ^^^^^^^^^^^^^^^^^^^^^
  File "/home/azureuser/repos/bolt_ok/mybot/venv/lib/python3.12/site-packages/sqlalchemy/util/_concurrency_py3k.py", line 203, in greenlet_spawn
    result = context.switch(value)
             ^^^^^^^^^^^^^^^^^^^^^
  File "/home/azureuser/repos/bolt_ok/mybot/venv/lib/python3.12/site-packages/sqlalchemy/orm/session.py", line 3694, in get
    return self._get_impl(
           ^^^^^^^^^^^^^^^
  File "/home/azureuser/repos/bolt_ok/mybot/venv/lib/python3.12/site-packages/sqlalchemy/orm/session.py", line 3873, in _get_impl
    return db_load_fn(
           ^^^^^^^^^^^
  File "/home/azureuser/repos/bolt_ok/mybot/venv/lib/python3.12/site-packages/sqlalchemy/orm/loading.py", line 695, in load_on_pk_identity
    session.execute(
  File "/home/azureuser/repos/bolt_ok/mybot/venv/lib/python3.12/site-packages/sqlalchemy/orm/session.py", line 2365, in execute
    return self._execute_internal(
           ^^^^^^^^^^^^^^^^^^^^^^^
  File "/home/azureuser/repos/bolt_ok/mybot/venv/lib/python3.12/site-packages/sqlalchemy/orm/session.py", line 2251, in _execute_internal
    result: Result[Any] = compile_state_cls.orm_execute_statement(
                          ^^^^^^^^^^^^^^^^^^^^^^^^^^^^^^^^^^^^^^^^
  File "/home/azureuser/repos/bolt_ok/mybot/venv/lib/python3.12/site-packages/sqlalchemy/orm/context.py", line 306, in orm_execute_statement
    result = conn.execute(
             ^^^^^^^^^^^^^
  File "/home/azureuser/repos/bolt_ok/mybot/venv/lib/python3.12/site-packages/sqlalchemy/engine/base.py", line 1419, in execute
    return meth(
           ^^^^^
  File "/home/azureuser/repos/bolt_ok/mybot/venv/lib/python3.12/site-packages/sqlalchemy/sql/elements.py", line 526, in _execute_on_connection
    return connection._execute_clauseelement(
           ^^^^^^^^^^^^^^^^^^^^^^^^^^^^^^^^^^
  File "/home/azureuser/repos/bolt_ok/mybot/venv/lib/python3.12/site-packages/sqlalchemy/engine/base.py", line 1633, in _execute_clauseelement
    compiled_sql, extracted_params, cache_hit = elem._compile_w_cache(
                                                ^^^^^^^^^^^^^^^^^^^^^^
  File "/home/azureuser/repos/bolt_ok/mybot/venv/lib/python3.12/site-packages/sqlalchemy/sql/elements.py", line 715, in _compile_w_cache
    compiled_sql = self._compiler(
                   ^^^^^^^^^^^^^^^
  File "/home/azureuser/repos/bolt_ok/mybot/venv/lib/python3.12/site-packages/sqlalchemy/sql/elements.py", line 323, in _compiler
    return dialect.statement_compiler(dialect, self, **kw)
           ^^^^^^^^^^^^^^^^^^^^^^^^^^^^^^^^^^^^^^^^^^^^^^^
  File "/home/azureuser/repos/bolt_ok/mybot/venv/lib/python3.12/site-packages/sqlalchemy/sql/compiler.py", line 1446, in __init__
    Compiled.__init__(self, dialect, statement, **kwargs)
  File "/home/azureuser/repos/bolt_ok/mybot/venv/lib/python3.12/site-packages/sqlalchemy/sql/compiler.py", line 886, in __init__
    self.string = self.process(self.statement, **compile_kwargs)
                  ^^^^^^^^^^^^^^^^^^^^^^^^^^^^^^^^^^^^^^^^^^^^^^
  File "/home/azureuser/repos/bolt_ok/mybot/venv/lib/python3.12/site-packages/sqlalchemy/sql/compiler.py", line 932, in process
    return obj._compiler_dispatch(self, **kwargs)
           ^^^^^^^^^^^^^^^^^^^^^^^^^^^^^^^^^^^^^^
  File "/home/azureuser/repos/bolt_ok/mybot/venv/lib/python3.12/site-packages/sqlalchemy/sql/visitors.py", line 138, in _compiler_dispatch
    return meth(self, **kw)  # type: ignore  # noqa: E501
           ^^^^^^^^^^^^^^^^
  File "/home/azureuser/repos/bolt_ok/mybot/venv/lib/python3.12/site-packages/sqlalchemy/sql/compiler.py", line 4781, in visit_select
    compile_state = select_stmt._compile_state_factory(
                    ^^^^^^^^^^^^^^^^^^^^^^^^^^^^^^^^^^^
  File "/home/azureuser/repos/bolt_ok/mybot/venv/lib/python3.12/site-packages/sqlalchemy/sql/base.py", line 701, in create_for_statement
    return klass.create_for_statement(statement, compiler, **kw)
           ^^^^^^^^^^^^^^^^^^^^^^^^^^^^^^^^^^^^^^^^^^^^^^^^^^^^^
  File "/home/azureuser/repos/bolt_ok/mybot/venv/lib/python3.12/site-packages/sqlalchemy/orm/context.py", line 447, in create_for_statement
    return cls._create_orm_context(
           ^^^^^^^^^^^^^^^^^^^^^^^^
  File "/home/azureuser/repos/bolt_ok/mybot/venv/lib/python3.12/site-packages/sqlalchemy/orm/context.py", line 1175, in _create_orm_context
    _QueryEntity.to_compile_state(
  File "/home/azureuser/repos/bolt_ok/mybot/venv/lib/python3.12/site-packages/sqlalchemy/orm/context.py", line 2628, in to_compile_state
    _MapperEntity(
  File "/home/azureuser/repos/bolt_ok/mybot/venv/lib/python3.12/site-packages/sqlalchemy/orm/context.py", line 2708, in __init__
    entity._post_inspect
  File "/home/azureuser/repos/bolt_ok/mybot/venv/lib/python3.12/site-packages/sqlalchemy/util/langhelpers.py", line 1338, in __get__
    obj.__dict__[self.__name__] = result = self.fget(obj)
                                           ^^^^^^^^^^^^^^
  File "/home/azureuser/repos/bolt_ok/mybot/venv/lib/python3.12/site-packages/sqlalchemy/orm/mapper.py", line 2724, in _post_inspect
    self._check_configure()
  File "/home/azureuser/repos/bolt_ok/mybot/venv/lib/python3.12/site-packages/sqlalchemy/orm/mapper.py", line 2401, in _check_configure
    _configure_registries({self.registry}, cascade=True)
  File "/home/azureuser/repos/bolt_ok/mybot/venv/lib/python3.12/site-packages/sqlalchemy/orm/mapper.py", line 4218, in _configure_registries
    _do_configure_registries(registries, cascade)
  File "/home/azureuser/repos/bolt_ok/mybot/venv/lib/python3.12/site-packages/sqlalchemy/orm/mapper.py", line 4259, in _do_configure_registries
    mapper._post_configure_properties()
  File "/home/azureuser/repos/bolt_ok/mybot/venv/lib/python3.12/site-packages/sqlalchemy/orm/mapper.py", line 2418, in _post_configure_properties
    prop.init()
  File "/home/azureuser/repos/bolt_ok/mybot/venv/lib/python3.12/site-packages/sqlalchemy/orm/interfaces.py", line 595, in init
    self.do_init()
  File "/home/azureuser/repos/bolt_ok/mybot/venv/lib/python3.12/site-packages/sqlalchemy/orm/relationships.py", line 1660, in do_init
    self._generate_backref()
  File "/home/azureuser/repos/bolt_ok/mybot/venv/lib/python3.12/site-packages/sqlalchemy/orm/relationships.py", line 2144, in _generate_backref
    self._add_reverse_property(self.back_populates)
  File "/home/azureuser/repos/bolt_ok/mybot/venv/lib/python3.12/site-packages/sqlalchemy/orm/relationships.py", line 1591, in _add_reverse_property
    other = self.mapper.get_property(key, _configure_mappers=False)
            ^^^^^^^^^^^^^^^^^^^^^^^^^^^^^^^^^^^^^^^^^^^^^^^^^^^^^^^
  File "/home/azureuser/repos/bolt_ok/mybot/venv/lib/python3.12/site-packages/sqlalchemy/orm/mapper.py", line 2524, in get_property
    raise sa_exc.InvalidRequestError(
sqlalchemy.exc.InvalidRequestError: Mapper 'Mapper[Achievement(achievements)]' has no property 'story_fragments'.  If this property was indicated from other mappers or configure events, ensure registry.configure() has been called.
2025-09-11 23:25:00,332 - root - ERROR - vip_subscription_scheduler:140 - Unhandled error in VIP subscription scheduler
Traceback (most recent call last):
  File "/home/azureuser/repos/bolt_ok/mybot/services/scheduler.py", line 129, in vip_subscription_scheduler
    await run_vip_subscription_check(bot, session_factory)
  File "/home/azureuser/repos/bolt_ok/mybot/services/scheduler.py", line 52, in run_vip_subscription_check
    reminder_msg = await config_service.get_value("vip_reminder_message")
                   ^^^^^^^^^^^^^^^^^^^^^^^^^^^^^^^^^^^^^^^^^^^^^^^^^^^^^^
  File "/home/azureuser/repos/bolt_ok/mybot/services/config_service.py", line 20, in get_value
    entry = await self.session.get(ConfigEntry, key)
            ^^^^^^^^^^^^^^^^^^^^^^^^^^^^^^^^^^^^^^^^
  File "/home/azureuser/repos/bolt_ok/mybot/venv/lib/python3.12/site-packages/sqlalchemy/ext/asyncio/session.py", line 606, in get
    return await greenlet_spawn(
           ^^^^^^^^^^^^^^^^^^^^^
  File "/home/azureuser/repos/bolt_ok/mybot/venv/lib/python3.12/site-packages/sqlalchemy/util/_concurrency_py3k.py", line 203, in greenlet_spawn
    result = context.switch(value)
             ^^^^^^^^^^^^^^^^^^^^^
  File "/home/azureuser/repos/bolt_ok/mybot/venv/lib/python3.12/site-packages/sqlalchemy/orm/session.py", line 3694, in get
    return self._get_impl(
           ^^^^^^^^^^^^^^^
  File "/home/azureuser/repos/bolt_ok/mybot/venv/lib/python3.12/site-packages/sqlalchemy/orm/session.py", line 3873, in _get_impl
    return db_load_fn(
           ^^^^^^^^^^^
  File "/home/azureuser/repos/bolt_ok/mybot/venv/lib/python3.12/site-packages/sqlalchemy/orm/loading.py", line 695, in load_on_pk_identity
    session.execute(
  File "/home/azureuser/repos/bolt_ok/mybot/venv/lib/python3.12/site-packages/sqlalchemy/orm/session.py", line 2365, in execute
    return self._execute_internal(
           ^^^^^^^^^^^^^^^^^^^^^^^
  File "/home/azureuser/repos/bolt_ok/mybot/venv/lib/python3.12/site-packages/sqlalchemy/orm/session.py", line 2251, in _execute_internal
    result: Result[Any] = compile_state_cls.orm_execute_statement(
                          ^^^^^^^^^^^^^^^^^^^^^^^^^^^^^^^^^^^^^^^^
  File "/home/azureuser/repos/bolt_ok/mybot/venv/lib/python3.12/site-packages/sqlalchemy/orm/context.py", line 306, in orm_execute_statement
    result = conn.execute(
             ^^^^^^^^^^^^^
  File "/home/azureuser/repos/bolt_ok/mybot/venv/lib/python3.12/site-packages/sqlalchemy/engine/base.py", line 1419, in execute
    return meth(
           ^^^^^
  File "/home/azureuser/repos/bolt_ok/mybot/venv/lib/python3.12/site-packages/sqlalchemy/sql/elements.py", line 526, in _execute_on_connection
    return connection._execute_clauseelement(
           ^^^^^^^^^^^^^^^^^^^^^^^^^^^^^^^^^^
  File "/home/azureuser/repos/bolt_ok/mybot/venv/lib/python3.12/site-packages/sqlalchemy/engine/base.py", line 1633, in _execute_clauseelement
    compiled_sql, extracted_params, cache_hit = elem._compile_w_cache(
                                                ^^^^^^^^^^^^^^^^^^^^^^
  File "/home/azureuser/repos/bolt_ok/mybot/venv/lib/python3.12/site-packages/sqlalchemy/sql/elements.py", line 715, in _compile_w_cache
    compiled_sql = self._compiler(
                   ^^^^^^^^^^^^^^^
  File "/home/azureuser/repos/bolt_ok/mybot/venv/lib/python3.12/site-packages/sqlalchemy/sql/elements.py", line 323, in _compiler
    return dialect.statement_compiler(dialect, self, **kw)
           ^^^^^^^^^^^^^^^^^^^^^^^^^^^^^^^^^^^^^^^^^^^^^^^
  File "/home/azureuser/repos/bolt_ok/mybot/venv/lib/python3.12/site-packages/sqlalchemy/sql/compiler.py", line 1446, in __init__
    Compiled.__init__(self, dialect, statement, **kwargs)
  File "/home/azureuser/repos/bolt_ok/mybot/venv/lib/python3.12/site-packages/sqlalchemy/sql/compiler.py", line 886, in __init__
    self.string = self.process(self.statement, **compile_kwargs)
                  ^^^^^^^^^^^^^^^^^^^^^^^^^^^^^^^^^^^^^^^^^^^^^^
  File "/home/azureuser/repos/bolt_ok/mybot/venv/lib/python3.12/site-packages/sqlalchemy/sql/compiler.py", line 932, in process
    return obj._compiler_dispatch(self, **kwargs)
           ^^^^^^^^^^^^^^^^^^^^^^^^^^^^^^^^^^^^^^
  File "/home/azureuser/repos/bolt_ok/mybot/venv/lib/python3.12/site-packages/sqlalchemy/sql/visitors.py", line 138, in _compiler_dispatch
    return meth(self, **kw)  # type: ignore  # noqa: E501
           ^^^^^^^^^^^^^^^^
  File "/home/azureuser/repos/bolt_ok/mybot/venv/lib/python3.12/site-packages/sqlalchemy/sql/compiler.py", line 4781, in visit_select
    compile_state = select_stmt._compile_state_factory(
                    ^^^^^^^^^^^^^^^^^^^^^^^^^^^^^^^^^^^
  File "/home/azureuser/repos/bolt_ok/mybot/venv/lib/python3.12/site-packages/sqlalchemy/sql/base.py", line 701, in create_for_statement
    return klass.create_for_statement(statement, compiler, **kw)
           ^^^^^^^^^^^^^^^^^^^^^^^^^^^^^^^^^^^^^^^^^^^^^^^^^^^^^
  File "/home/azureuser/repos/bolt_ok/mybot/venv/lib/python3.12/site-packages/sqlalchemy/orm/context.py", line 447, in create_for_statement
    return cls._create_orm_context(
           ^^^^^^^^^^^^^^^^^^^^^^^^
  File "/home/azureuser/repos/bolt_ok/mybot/venv/lib/python3.12/site-packages/sqlalchemy/orm/context.py", line 1175, in _create_orm_context
    _QueryEntity.to_compile_state(
  File "/home/azureuser/repos/bolt_ok/mybot/venv/lib/python3.12/site-packages/sqlalchemy/orm/context.py", line 2628, in to_compile_state
    _MapperEntity(
  File "/home/azureuser/repos/bolt_ok/mybot/venv/lib/python3.12/site-packages/sqlalchemy/orm/context.py", line 2708, in __init__
    entity._post_inspect
  File "/home/azureuser/repos/bolt_ok/mybot/venv/lib/python3.12/site-packages/sqlalchemy/util/langhelpers.py", line 1338, in __get__
    obj.__dict__[self.__name__] = result = self.fget(obj)
                                           ^^^^^^^^^^^^^^
  File "/home/azureuser/repos/bolt_ok/mybot/venv/lib/python3.12/site-packages/sqlalchemy/orm/mapper.py", line 2724, in _post_inspect
    self._check_configure()
  File "/home/azureuser/repos/bolt_ok/mybot/venv/lib/python3.12/site-packages/sqlalchemy/orm/mapper.py", line 2401, in _check_configure
    _configure_registries({self.registry}, cascade=True)
  File "/home/azureuser/repos/bolt_ok/mybot/venv/lib/python3.12/site-packages/sqlalchemy/orm/mapper.py", line 4218, in _configure_registries
    _do_configure_registries(registries, cascade)
  File "/home/azureuser/repos/bolt_ok/mybot/venv/lib/python3.12/site-packages/sqlalchemy/orm/mapper.py", line 4255, in _do_configure_registries
    raise e
sqlalchemy.exc.InvalidRequestError: One or more mappers failed to initialize - can't proceed with initialization of other mappers. Triggering mapper: 'Mapper[StoryFragment(story_fragments)]'. Original exception was: Mapper 'Mapper[Achievement(achievements)]' has no property 'story_fragments'.  If this property was indicated from other mappers or configure events, ensure registry.configure() has been called.
2025-09-11 23:25:00,334 - root - ERROR - channel_request_scheduler:43 - Unhandled error in channel request scheduler
Traceback (most recent call last):
  File "/home/azureuser/repos/bolt_ok/mybot/services/scheduler.py", line 32, in channel_request_scheduler
    await run_channel_request_check(bot, session_factory)
  File "/home/azureuser/repos/bolt_ok/mybot/services/scheduler.py", line 20, in run_channel_request_check
    processed_count = await free_service.process_pending_requests()
                      ^^^^^^^^^^^^^^^^^^^^^^^^^^^^^^^^^^^^^^^^^^^^^
  File "/home/azureuser/repos/bolt_ok/mybot/services/free_channel_service.py", line 163, in process_pending_requests
    wait_minutes = await self.get_wait_time_minutes()
                   ^^^^^^^^^^^^^^^^^^^^^^^^^^^^^^^^^^
  File "/home/azureuser/repos/bolt_ok/mybot/services/free_channel_service.py", line 58, in get_wait_time_minutes
    config = await self.session.get(BotConfig, 1)
             ^^^^^^^^^^^^^^^^^^^^^^^^^^^^^^^^^^^^
  File "/home/azureuser/repos/bolt_ok/mybot/venv/lib/python3.12/site-packages/sqlalchemy/ext/asyncio/session.py", line 606, in get
    return await greenlet_spawn(
           ^^^^^^^^^^^^^^^^^^^^^
  File "/home/azureuser/repos/bolt_ok/mybot/venv/lib/python3.12/site-packages/sqlalchemy/util/_concurrency_py3k.py", line 203, in greenlet_spawn
    result = context.switch(value)
             ^^^^^^^^^^^^^^^^^^^^^
  File "/home/azureuser/repos/bolt_ok/mybot/venv/lib/python3.12/site-packages/sqlalchemy/orm/session.py", line 3694, in get
    return self._get_impl(
           ^^^^^^^^^^^^^^^
  File "/home/azureuser/repos/bolt_ok/mybot/venv/lib/python3.12/site-packages/sqlalchemy/orm/session.py", line 3873, in _get_impl
    return db_load_fn(
           ^^^^^^^^^^^
  File "/home/azureuser/repos/bolt_ok/mybot/venv/lib/python3.12/site-packages/sqlalchemy/orm/loading.py", line 695, in load_on_pk_identity
    session.execute(
  File "/home/azureuser/repos/bolt_ok/mybot/venv/lib/python3.12/site-packages/sqlalchemy/orm/session.py", line 2365, in execute
    return self._execute_internal(
           ^^^^^^^^^^^^^^^^^^^^^^^
  File "/home/azureuser/repos/bolt_ok/mybot/venv/lib/python3.12/site-packages/sqlalchemy/orm/session.py", line 2251, in _execute_internal
    result: Result[Any] = compile_state_cls.orm_execute_statement(
                          ^^^^^^^^^^^^^^^^^^^^^^^^^^^^^^^^^^^^^^^^
  File "/home/azureuser/repos/bolt_ok/mybot/venv/lib/python3.12/site-packages/sqlalchemy/orm/context.py", line 306, in orm_execute_statement
    result = conn.execute(
             ^^^^^^^^^^^^^
  File "/home/azureuser/repos/bolt_ok/mybot/venv/lib/python3.12/site-packages/sqlalchemy/engine/base.py", line 1419, in execute
    return meth(
           ^^^^^
  File "/home/azureuser/repos/bolt_ok/mybot/venv/lib/python3.12/site-packages/sqlalchemy/sql/elements.py", line 526, in _execute_on_connection
    return connection._execute_clauseelement(
           ^^^^^^^^^^^^^^^^^^^^^^^^^^^^^^^^^^
  File "/home/azureuser/repos/bolt_ok/mybot/venv/lib/python3.12/site-packages/sqlalchemy/engine/base.py", line 1633, in _execute_clauseelement
    compiled_sql, extracted_params, cache_hit = elem._compile_w_cache(
                                                ^^^^^^^^^^^^^^^^^^^^^^
  File "/home/azureuser/repos/bolt_ok/mybot/venv/lib/python3.12/site-packages/sqlalchemy/sql/elements.py", line 715, in _compile_w_cache
    compiled_sql = self._compiler(
                   ^^^^^^^^^^^^^^^
  File "/home/azureuser/repos/bolt_ok/mybot/venv/lib/python3.12/site-packages/sqlalchemy/sql/elements.py", line 323, in _compiler
    return dialect.statement_compiler(dialect, self, **kw)
           ^^^^^^^^^^^^^^^^^^^^^^^^^^^^^^^^^^^^^^^^^^^^^^^
  File "/home/azureuser/repos/bolt_ok/mybot/venv/lib/python3.12/site-packages/sqlalchemy/sql/compiler.py", line 1446, in __init__
    Compiled.__init__(self, dialect, statement, **kwargs)
  File "/home/azureuser/repos/bolt_ok/mybot/venv/lib/python3.12/site-packages/sqlalchemy/sql/compiler.py", line 886, in __init__
    self.string = self.process(self.statement, **compile_kwargs)
                  ^^^^^^^^^^^^^^^^^^^^^^^^^^^^^^^^^^^^^^^^^^^^^^
  File "/home/azureuser/repos/bolt_ok/mybot/venv/lib/python3.12/site-packages/sqlalchemy/sql/compiler.py", line 932, in process
    return obj._compiler_dispatch(self, **kwargs)
           ^^^^^^^^^^^^^^^^^^^^^^^^^^^^^^^^^^^^^^
  File "/home/azureuser/repos/bolt_ok/mybot/venv/lib/python3.12/site-packages/sqlalchemy/sql/visitors.py", line 138, in _compiler_dispatch
    return meth(self, **kw)  # type: ignore  # noqa: E501
           ^^^^^^^^^^^^^^^^
  File "/home/azureuser/repos/bolt_ok/mybot/venv/lib/python3.12/site-packages/sqlalchemy/sql/compiler.py", line 4781, in visit_select
    compile_state = select_stmt._compile_state_factory(
                    ^^^^^^^^^^^^^^^^^^^^^^^^^^^^^^^^^^^
  File "/home/azureuser/repos/bolt_ok/mybot/venv/lib/python3.12/site-packages/sqlalchemy/sql/base.py", line 701, in create_for_statement
    return klass.create_for_statement(statement, compiler, **kw)
           ^^^^^^^^^^^^^^^^^^^^^^^^^^^^^^^^^^^^^^^^^^^^^^^^^^^^^
  File "/home/azureuser/repos/bolt_ok/mybot/venv/lib/python3.12/site-packages/sqlalchemy/orm/context.py", line 447, in create_for_statement
    return cls._create_orm_context(
           ^^^^^^^^^^^^^^^^^^^^^^^^
  File "/home/azureuser/repos/bolt_ok/mybot/venv/lib/python3.12/site-packages/sqlalchemy/orm/context.py", line 1175, in _create_orm_context
    _QueryEntity.to_compile_state(
  File "/home/azureuser/repos/bolt_ok/mybot/venv/lib/python3.12/site-packages/sqlalchemy/orm/context.py", line 2628, in to_compile_state
    _MapperEntity(
  File "/home/azureuser/repos/bolt_ok/mybot/venv/lib/python3.12/site-packages/sqlalchemy/orm/context.py", line 2708, in __init__
    entity._post_inspect
  File "/home/azureuser/repos/bolt_ok/mybot/venv/lib/python3.12/site-packages/sqlalchemy/util/langhelpers.py", line 1338, in __get__
    obj.__dict__[self.__name__] = result = self.fget(obj)
                                           ^^^^^^^^^^^^^^
  File "/home/azureuser/repos/bolt_ok/mybot/venv/lib/python3.12/site-packages/sqlalchemy/orm/mapper.py", line 2724, in _post_inspect
    self._check_configure()
  File "/home/azureuser/repos/bolt_ok/mybot/venv/lib/python3.12/site-packages/sqlalchemy/orm/mapper.py", line 2401, in _check_configure
    _configure_registries({self.registry}, cascade=True)
  File "/home/azureuser/repos/bolt_ok/mybot/venv/lib/python3.12/site-packages/sqlalchemy/orm/mapper.py", line 4218, in _configure_registries
    _do_configure_registries(registries, cascade)
  File "/home/azureuser/repos/bolt_ok/mybot/venv/lib/python3.12/site-packages/sqlalchemy/orm/mapper.py", line 4255, in _do_configure_registries
    raise e
sqlalchemy.exc.InvalidRequestError: One or more mappers failed to initialize - can't proceed with initialization of other mappers. Triggering mapper: 'Mapper[StoryFragment(story_fragments)]'. Original exception was: Mapper 'Mapper[Achievement(achievements)]' has no property 'story_fragments'.  If this property was indicated from other mappers or configure events, ensure registry.configure() has been called.
2025-09-11 23:25:41,616 - aiogram.dispatcher - WARNING - _signal_stop_polling:491 - Received SIGINT signal
2025-09-11 23:25:41,868 - __main__ - INFO - main:249 - Cerrando bot...
2025-09-11 23:25:41,868 - root - INFO - shutdown:128 - Cerrando tareas en segundo plano...
2025-09-11 23:25:41,868 - root - INFO - auction_monitor_scheduler:184 - Auction monitor scheduler cancelled
2025-09-11 23:25:41,869 - root - INFO - safe_task:117 - Tarea auction_monitor cancelada
2025-09-11 23:25:41,869 - root - INFO - free_channel_cleanup_scheduler:211 - Free channel cleanup scheduler cancelled
2025-09-11 23:25:41,869 - root - INFO - safe_task:117 - Tarea channel_cleanup cancelada
2025-09-11 23:25:41,869 - root - INFO - shutdown:137 - Todas las tareas cerradas
2025-09-11 23:25:58,955 - __main__ - INFO - main:147 - Inicializando base de datos...
2025-09-11 23:25:58,955 - database.setup - INFO - init_db:59 - Inicializando motor de base de datos SQLite...
2025-09-11 23:25:58,974 - database.setup - INFO - init_db:74 - Creando tablas en orden definido...
2025-09-11 23:25:59,735 - database.setup - INFO - init_db:77 - Tablas creadas exitosamente.
2025-09-11 23:25:59,737 - __main__ - INFO - main:150 - Aplicando parches de seguridad...
2025-09-11 23:25:59,737 - __main__ - INFO - main:155 - VIP channel ID: -1001468184215
2025-09-11 23:25:59,737 - __main__ - INFO - main:156 - Configurando bot...
2025-09-11 23:25:59,773 - __main__ - INFO - main:185 - Registrando handlers...
2025-09-11 23:25:59,774 - __main__ - INFO - main:214 - Router setup registrado
2025-09-11 23:25:59,774 - __main__ - INFO - main:214 - Router admin registrado
2025-09-11 23:25:59,774 - __main__ - INFO - main:214 - Router auction_admin registrado
2025-09-11 23:25:59,774 - __main__ - INFO - main:214 - Router start_token registrado
2025-09-11 23:25:59,774 - __main__ - INFO - main:214 - Router start registrado
2025-09-11 23:25:59,774 - __main__ - INFO - main:214 - Router main_menu registrado
2025-09-11 23:25:59,774 - __main__ - INFO - main:214 - Router backpack registrado
2025-09-11 23:25:59,774 - __main__ - INFO - main:214 - Router missions registrado
2025-09-11 23:25:59,774 - __main__ - INFO - main:214 - Router info registrado
2025-09-11 23:25:59,774 - __main__ - INFO - main:214 - Router free_channel_admin registrado
2025-09-11 23:25:59,774 - __main__ - INFO - main:214 - Router publication_test registrado
2025-09-11 23:25:59,774 - __main__ - INFO - main:214 - Router vip_menu registrado
2025-09-11 23:25:59,774 - __main__ - INFO - main:214 - Router auction_user registrado
2025-09-11 23:25:59,774 - __main__ - INFO - main:214 - Router reaction_callback registrado
2025-09-11 23:25:59,775 - __main__ - INFO - main:214 - Router daily_gift registrado
2025-09-11 23:25:59,775 - __main__ - INFO - main:214 - Router minigames registrado
2025-09-11 23:25:59,775 - __main__ - INFO - main:214 - Router gamification registrado
2025-09-11 23:25:59,775 - __main__ - INFO - main:214 - Router free_user registrado
2025-09-11 23:25:59,775 - __main__ - INFO - main:214 - Router lore registrado
2025-09-11 23:25:59,775 - __main__ - INFO - main:214 - Router combinar_pistas registrado
2025-09-11 23:25:59,775 - __main__ - INFO - main:214 - Router channel_access registrado
2025-09-11 23:25:59,775 - __main__ - INFO - main:214 - Router narrative registrado
2025-09-11 23:25:59,775 - __main__ - INFO - main:214 - Router admin_narrative registrado
2025-09-11 23:25:59,775 - __main__ - INFO - main:219 - Iniciando tareas en segundo plano...
2025-09-11 23:25:59,775 - __main__ - INFO - main:242 - Bot iniciado correctamente. Comenzando polling...
2025-09-11 23:25:59,776 - root - INFO - channel_request_scheduler:28 - Channel request scheduler started
2025-09-11 23:25:59,777 - root - INFO - vip_subscription_scheduler:125 - VIP subscription scheduler started
2025-09-11 23:25:59,778 - root - INFO - vip_membership_scheduler:145 - VIP membership scheduler started
2025-09-11 23:25:59,779 - root - INFO - auction_monitor_scheduler:177 - Auction monitor scheduler started
2025-09-11 23:25:59,780 - root - INFO - free_channel_cleanup_scheduler:204 - Free channel cleanup scheduler started
2025-09-11 23:25:59,795 - root - ERROR - run_auction_monitor_check:172 - Error in auction monitor check: One or more mappers failed to initialize - can't proceed with initialization of other mappers. Triggering mapper: 'Mapper[StoryFragment(story_fragments)]'. Original exception was: Mapper 'Mapper[Achievement(achievements)]' has no property 'story_fragments'.  If this property was indicated from other mappers or configure events, ensure registry.configure() has been called.
Traceback (most recent call last):
  File "/home/azureuser/repos/bolt_ok/mybot/services/scheduler.py", line 168, in run_auction_monitor_check
    expired_auctions = await auction_service.check_expired_auctions(bot)
                       ^^^^^^^^^^^^^^^^^^^^^^^^^^^^^^^^^^^^^^^^^^^^^^^^^
  File "/home/azureuser/repos/bolt_ok/mybot/services/auction_service.py", line 304, in check_expired_auctions
    result = await self.session.execute(stmt)
             ^^^^^^^^^^^^^^^^^^^^^^^^^^^^^^^^
  File "/home/azureuser/repos/bolt_ok/mybot/venv/lib/python3.12/site-packages/sqlalchemy/ext/asyncio/session.py", line 463, in execute
    result = await greenlet_spawn(
             ^^^^^^^^^^^^^^^^^^^^^
  File "/home/azureuser/repos/bolt_ok/mybot/venv/lib/python3.12/site-packages/sqlalchemy/util/_concurrency_py3k.py", line 203, in greenlet_spawn
    result = context.switch(value)
             ^^^^^^^^^^^^^^^^^^^^^
  File "/home/azureuser/repos/bolt_ok/mybot/venv/lib/python3.12/site-packages/sqlalchemy/orm/session.py", line 2365, in execute
    return self._execute_internal(
           ^^^^^^^^^^^^^^^^^^^^^^^
  File "/home/azureuser/repos/bolt_ok/mybot/venv/lib/python3.12/site-packages/sqlalchemy/orm/session.py", line 2251, in _execute_internal
    result: Result[Any] = compile_state_cls.orm_execute_statement(
                          ^^^^^^^^^^^^^^^^^^^^^^^^^^^^^^^^^^^^^^^^
  File "/home/azureuser/repos/bolt_ok/mybot/venv/lib/python3.12/site-packages/sqlalchemy/orm/context.py", line 306, in orm_execute_statement
    result = conn.execute(
             ^^^^^^^^^^^^^
  File "/home/azureuser/repos/bolt_ok/mybot/venv/lib/python3.12/site-packages/sqlalchemy/engine/base.py", line 1419, in execute
    return meth(
           ^^^^^
  File "/home/azureuser/repos/bolt_ok/mybot/venv/lib/python3.12/site-packages/sqlalchemy/sql/elements.py", line 526, in _execute_on_connection
    return connection._execute_clauseelement(
           ^^^^^^^^^^^^^^^^^^^^^^^^^^^^^^^^^^
  File "/home/azureuser/repos/bolt_ok/mybot/venv/lib/python3.12/site-packages/sqlalchemy/engine/base.py", line 1633, in _execute_clauseelement
    compiled_sql, extracted_params, cache_hit = elem._compile_w_cache(
                                                ^^^^^^^^^^^^^^^^^^^^^^
  File "/home/azureuser/repos/bolt_ok/mybot/venv/lib/python3.12/site-packages/sqlalchemy/sql/elements.py", line 715, in _compile_w_cache
    compiled_sql = self._compiler(
                   ^^^^^^^^^^^^^^^
  File "/home/azureuser/repos/bolt_ok/mybot/venv/lib/python3.12/site-packages/sqlalchemy/sql/elements.py", line 323, in _compiler
    return dialect.statement_compiler(dialect, self, **kw)
           ^^^^^^^^^^^^^^^^^^^^^^^^^^^^^^^^^^^^^^^^^^^^^^^
  File "/home/azureuser/repos/bolt_ok/mybot/venv/lib/python3.12/site-packages/sqlalchemy/sql/compiler.py", line 1446, in __init__
    Compiled.__init__(self, dialect, statement, **kwargs)
  File "/home/azureuser/repos/bolt_ok/mybot/venv/lib/python3.12/site-packages/sqlalchemy/sql/compiler.py", line 886, in __init__
    self.string = self.process(self.statement, **compile_kwargs)
                  ^^^^^^^^^^^^^^^^^^^^^^^^^^^^^^^^^^^^^^^^^^^^^^
  File "/home/azureuser/repos/bolt_ok/mybot/venv/lib/python3.12/site-packages/sqlalchemy/sql/compiler.py", line 932, in process
    return obj._compiler_dispatch(self, **kwargs)
           ^^^^^^^^^^^^^^^^^^^^^^^^^^^^^^^^^^^^^^
  File "/home/azureuser/repos/bolt_ok/mybot/venv/lib/python3.12/site-packages/sqlalchemy/sql/visitors.py", line 138, in _compiler_dispatch
    return meth(self, **kw)  # type: ignore  # noqa: E501
           ^^^^^^^^^^^^^^^^
  File "/home/azureuser/repos/bolt_ok/mybot/venv/lib/python3.12/site-packages/sqlalchemy/sql/compiler.py", line 4781, in visit_select
    compile_state = select_stmt._compile_state_factory(
                    ^^^^^^^^^^^^^^^^^^^^^^^^^^^^^^^^^^^
  File "/home/azureuser/repos/bolt_ok/mybot/venv/lib/python3.12/site-packages/sqlalchemy/sql/base.py", line 701, in create_for_statement
    return klass.create_for_statement(statement, compiler, **kw)
           ^^^^^^^^^^^^^^^^^^^^^^^^^^^^^^^^^^^^^^^^^^^^^^^^^^^^^
  File "/home/azureuser/repos/bolt_ok/mybot/venv/lib/python3.12/site-packages/sqlalchemy/orm/context.py", line 447, in create_for_statement
    return cls._create_orm_context(
           ^^^^^^^^^^^^^^^^^^^^^^^^
  File "/home/azureuser/repos/bolt_ok/mybot/venv/lib/python3.12/site-packages/sqlalchemy/orm/context.py", line 1175, in _create_orm_context
    _QueryEntity.to_compile_state(
  File "/home/azureuser/repos/bolt_ok/mybot/venv/lib/python3.12/site-packages/sqlalchemy/orm/context.py", line 2628, in to_compile_state
    _MapperEntity(
  File "/home/azureuser/repos/bolt_ok/mybot/venv/lib/python3.12/site-packages/sqlalchemy/orm/context.py", line 2708, in __init__
    entity._post_inspect
  File "/home/azureuser/repos/bolt_ok/mybot/venv/lib/python3.12/site-packages/sqlalchemy/util/langhelpers.py", line 1338, in __get__
    obj.__dict__[self.__name__] = result = self.fget(obj)
                                           ^^^^^^^^^^^^^^
  File "/home/azureuser/repos/bolt_ok/mybot/venv/lib/python3.12/site-packages/sqlalchemy/orm/mapper.py", line 2724, in _post_inspect
    self._check_configure()
  File "/home/azureuser/repos/bolt_ok/mybot/venv/lib/python3.12/site-packages/sqlalchemy/orm/mapper.py", line 2401, in _check_configure
    _configure_registries({self.registry}, cascade=True)
  File "/home/azureuser/repos/bolt_ok/mybot/venv/lib/python3.12/site-packages/sqlalchemy/orm/mapper.py", line 4218, in _configure_registries
    _do_configure_registries(registries, cascade)
  File "/home/azureuser/repos/bolt_ok/mybot/venv/lib/python3.12/site-packages/sqlalchemy/orm/mapper.py", line 4255, in _do_configure_registries
    raise e
sqlalchemy.exc.InvalidRequestError: One or more mappers failed to initialize - can't proceed with initialization of other mappers. Triggering mapper: 'Mapper[StoryFragment(story_fragments)]'. Original exception was: Mapper 'Mapper[Achievement(achievements)]' has no property 'story_fragments'.  If this property was indicated from other mappers or configure events, ensure registry.configure() has been called.
2025-09-11 23:25:59,804 - services.free_channel_service - ERROR - cleanup_old_requests:444 - Error cleaning up old requests: One or more mappers failed to initialize - can't proceed with initialization of other mappers. Triggering mapper: 'Mapper[StoryFragment(story_fragments)]'. Original exception was: Mapper 'Mapper[Achievement(achievements)]' has no property 'story_fragments'.  If this property was indicated from other mappers or configure events, ensure registry.configure() has been called.
2025-09-11 23:25:59,806 - root - ERROR - vip_membership_scheduler:160 - Unhandled error in VIP membership scheduler
Traceback (most recent call last):
  File "/home/azureuser/repos/bolt_ok/mybot/services/scheduler.py", line 149, in vip_membership_scheduler
    await run_vip_membership_check(bot, session_factory)
  File "/home/azureuser/repos/bolt_ok/mybot/services/scheduler.py", line 99, in run_vip_membership_check
    vip_channel_id = await ConfigService(session).get_vip_channel_id()
                     ^^^^^^^^^^^^^^^^^^^^^^^^^^^^^^^^^^^^^^^^^^^^^^^^^
  File "/home/azureuser/repos/bolt_ok/mybot/services/config_service.py", line 37, in get_vip_channel_id
    value = await self.get_value(self.VIP_CHANNEL_KEY)
            ^^^^^^^^^^^^^^^^^^^^^^^^^^^^^^^^^^^^^^^^^^
  File "/home/azureuser/repos/bolt_ok/mybot/services/config_service.py", line 20, in get_value
    entry = await self.session.get(ConfigEntry, key)
            ^^^^^^^^^^^^^^^^^^^^^^^^^^^^^^^^^^^^^^^^
  File "/home/azureuser/repos/bolt_ok/mybot/venv/lib/python3.12/site-packages/sqlalchemy/ext/asyncio/session.py", line 606, in get
    return await greenlet_spawn(
           ^^^^^^^^^^^^^^^^^^^^^
  File "/home/azureuser/repos/bolt_ok/mybot/venv/lib/python3.12/site-packages/sqlalchemy/util/_concurrency_py3k.py", line 203, in greenlet_spawn
    result = context.switch(value)
             ^^^^^^^^^^^^^^^^^^^^^
  File "/home/azureuser/repos/bolt_ok/mybot/venv/lib/python3.12/site-packages/sqlalchemy/orm/session.py", line 3694, in get
    return self._get_impl(
           ^^^^^^^^^^^^^^^
  File "/home/azureuser/repos/bolt_ok/mybot/venv/lib/python3.12/site-packages/sqlalchemy/orm/session.py", line 3873, in _get_impl
    return db_load_fn(
           ^^^^^^^^^^^
  File "/home/azureuser/repos/bolt_ok/mybot/venv/lib/python3.12/site-packages/sqlalchemy/orm/loading.py", line 695, in load_on_pk_identity
    session.execute(
  File "/home/azureuser/repos/bolt_ok/mybot/venv/lib/python3.12/site-packages/sqlalchemy/orm/session.py", line 2365, in execute
    return self._execute_internal(
           ^^^^^^^^^^^^^^^^^^^^^^^
  File "/home/azureuser/repos/bolt_ok/mybot/venv/lib/python3.12/site-packages/sqlalchemy/orm/session.py", line 2251, in _execute_internal
    result: Result[Any] = compile_state_cls.orm_execute_statement(
                          ^^^^^^^^^^^^^^^^^^^^^^^^^^^^^^^^^^^^^^^^
  File "/home/azureuser/repos/bolt_ok/mybot/venv/lib/python3.12/site-packages/sqlalchemy/orm/context.py", line 306, in orm_execute_statement
    result = conn.execute(
             ^^^^^^^^^^^^^
  File "/home/azureuser/repos/bolt_ok/mybot/venv/lib/python3.12/site-packages/sqlalchemy/engine/base.py", line 1419, in execute
    return meth(
           ^^^^^
  File "/home/azureuser/repos/bolt_ok/mybot/venv/lib/python3.12/site-packages/sqlalchemy/sql/elements.py", line 526, in _execute_on_connection
    return connection._execute_clauseelement(
           ^^^^^^^^^^^^^^^^^^^^^^^^^^^^^^^^^^
  File "/home/azureuser/repos/bolt_ok/mybot/venv/lib/python3.12/site-packages/sqlalchemy/engine/base.py", line 1633, in _execute_clauseelement
    compiled_sql, extracted_params, cache_hit = elem._compile_w_cache(
                                                ^^^^^^^^^^^^^^^^^^^^^^
  File "/home/azureuser/repos/bolt_ok/mybot/venv/lib/python3.12/site-packages/sqlalchemy/sql/elements.py", line 715, in _compile_w_cache
    compiled_sql = self._compiler(
                   ^^^^^^^^^^^^^^^
  File "/home/azureuser/repos/bolt_ok/mybot/venv/lib/python3.12/site-packages/sqlalchemy/sql/elements.py", line 323, in _compiler
    return dialect.statement_compiler(dialect, self, **kw)
           ^^^^^^^^^^^^^^^^^^^^^^^^^^^^^^^^^^^^^^^^^^^^^^^
  File "/home/azureuser/repos/bolt_ok/mybot/venv/lib/python3.12/site-packages/sqlalchemy/sql/compiler.py", line 1446, in __init__
    Compiled.__init__(self, dialect, statement, **kwargs)
  File "/home/azureuser/repos/bolt_ok/mybot/venv/lib/python3.12/site-packages/sqlalchemy/sql/compiler.py", line 886, in __init__
    self.string = self.process(self.statement, **compile_kwargs)
                  ^^^^^^^^^^^^^^^^^^^^^^^^^^^^^^^^^^^^^^^^^^^^^^
  File "/home/azureuser/repos/bolt_ok/mybot/venv/lib/python3.12/site-packages/sqlalchemy/sql/compiler.py", line 932, in process
    return obj._compiler_dispatch(self, **kwargs)
           ^^^^^^^^^^^^^^^^^^^^^^^^^^^^^^^^^^^^^^
  File "/home/azureuser/repos/bolt_ok/mybot/venv/lib/python3.12/site-packages/sqlalchemy/sql/visitors.py", line 138, in _compiler_dispatch
    return meth(self, **kw)  # type: ignore  # noqa: E501
           ^^^^^^^^^^^^^^^^
  File "/home/azureuser/repos/bolt_ok/mybot/venv/lib/python3.12/site-packages/sqlalchemy/sql/compiler.py", line 4781, in visit_select
    compile_state = select_stmt._compile_state_factory(
                    ^^^^^^^^^^^^^^^^^^^^^^^^^^^^^^^^^^^
  File "/home/azureuser/repos/bolt_ok/mybot/venv/lib/python3.12/site-packages/sqlalchemy/sql/base.py", line 701, in create_for_statement
    return klass.create_for_statement(statement, compiler, **kw)
           ^^^^^^^^^^^^^^^^^^^^^^^^^^^^^^^^^^^^^^^^^^^^^^^^^^^^^
  File "/home/azureuser/repos/bolt_ok/mybot/venv/lib/python3.12/site-packages/sqlalchemy/orm/context.py", line 447, in create_for_statement
    return cls._create_orm_context(
           ^^^^^^^^^^^^^^^^^^^^^^^^
  File "/home/azureuser/repos/bolt_ok/mybot/venv/lib/python3.12/site-packages/sqlalchemy/orm/context.py", line 1175, in _create_orm_context
    _QueryEntity.to_compile_state(
  File "/home/azureuser/repos/bolt_ok/mybot/venv/lib/python3.12/site-packages/sqlalchemy/orm/context.py", line 2628, in to_compile_state
    _MapperEntity(
  File "/home/azureuser/repos/bolt_ok/mybot/venv/lib/python3.12/site-packages/sqlalchemy/orm/context.py", line 2708, in __init__
    entity._post_inspect
  File "/home/azureuser/repos/bolt_ok/mybot/venv/lib/python3.12/site-packages/sqlalchemy/util/langhelpers.py", line 1338, in __get__
    obj.__dict__[self.__name__] = result = self.fget(obj)
                                           ^^^^^^^^^^^^^^
  File "/home/azureuser/repos/bolt_ok/mybot/venv/lib/python3.12/site-packages/sqlalchemy/orm/mapper.py", line 2724, in _post_inspect
    self._check_configure()
  File "/home/azureuser/repos/bolt_ok/mybot/venv/lib/python3.12/site-packages/sqlalchemy/orm/mapper.py", line 2401, in _check_configure
    _configure_registries({self.registry}, cascade=True)
  File "/home/azureuser/repos/bolt_ok/mybot/venv/lib/python3.12/site-packages/sqlalchemy/orm/mapper.py", line 4218, in _configure_registries
    _do_configure_registries(registries, cascade)
  File "/home/azureuser/repos/bolt_ok/mybot/venv/lib/python3.12/site-packages/sqlalchemy/orm/mapper.py", line 4255, in _do_configure_registries
    raise e
sqlalchemy.exc.InvalidRequestError: One or more mappers failed to initialize - can't proceed with initialization of other mappers. Triggering mapper: 'Mapper[StoryFragment(story_fragments)]'. Original exception was: Mapper 'Mapper[Achievement(achievements)]' has no property 'story_fragments'.  If this property was indicated from other mappers or configure events, ensure registry.configure() has been called.
2025-09-11 23:25:59,808 - root - ERROR - vip_subscription_scheduler:140 - Unhandled error in VIP subscription scheduler
Traceback (most recent call last):
  File "/home/azureuser/repos/bolt_ok/mybot/venv/lib/python3.12/site-packages/sqlalchemy/orm/mapper.py", line 2522, in get_property
    return self._props[key]
           ~~~~~~~~~~~^^^^^
KeyError: 'story_fragments'

The above exception was the direct cause of the following exception:

Traceback (most recent call last):
  File "/home/azureuser/repos/bolt_ok/mybot/services/scheduler.py", line 129, in vip_subscription_scheduler
    await run_vip_subscription_check(bot, session_factory)
  File "/home/azureuser/repos/bolt_ok/mybot/services/scheduler.py", line 52, in run_vip_subscription_check
    reminder_msg = await config_service.get_value("vip_reminder_message")
                   ^^^^^^^^^^^^^^^^^^^^^^^^^^^^^^^^^^^^^^^^^^^^^^^^^^^^^^
  File "/home/azureuser/repos/bolt_ok/mybot/services/config_service.py", line 20, in get_value
    entry = await self.session.get(ConfigEntry, key)
            ^^^^^^^^^^^^^^^^^^^^^^^^^^^^^^^^^^^^^^^^
  File "/home/azureuser/repos/bolt_ok/mybot/venv/lib/python3.12/site-packages/sqlalchemy/ext/asyncio/session.py", line 606, in get
    return await greenlet_spawn(
           ^^^^^^^^^^^^^^^^^^^^^
  File "/home/azureuser/repos/bolt_ok/mybot/venv/lib/python3.12/site-packages/sqlalchemy/util/_concurrency_py3k.py", line 203, in greenlet_spawn
    result = context.switch(value)
             ^^^^^^^^^^^^^^^^^^^^^
  File "/home/azureuser/repos/bolt_ok/mybot/venv/lib/python3.12/site-packages/sqlalchemy/orm/session.py", line 3694, in get
    return self._get_impl(
           ^^^^^^^^^^^^^^^
  File "/home/azureuser/repos/bolt_ok/mybot/venv/lib/python3.12/site-packages/sqlalchemy/orm/session.py", line 3873, in _get_impl
    return db_load_fn(
           ^^^^^^^^^^^
  File "/home/azureuser/repos/bolt_ok/mybot/venv/lib/python3.12/site-packages/sqlalchemy/orm/loading.py", line 695, in load_on_pk_identity
    session.execute(
  File "/home/azureuser/repos/bolt_ok/mybot/venv/lib/python3.12/site-packages/sqlalchemy/orm/session.py", line 2365, in execute
    return self._execute_internal(
           ^^^^^^^^^^^^^^^^^^^^^^^
  File "/home/azureuser/repos/bolt_ok/mybot/venv/lib/python3.12/site-packages/sqlalchemy/orm/session.py", line 2251, in _execute_internal
    result: Result[Any] = compile_state_cls.orm_execute_statement(
                          ^^^^^^^^^^^^^^^^^^^^^^^^^^^^^^^^^^^^^^^^
  File "/home/azureuser/repos/bolt_ok/mybot/venv/lib/python3.12/site-packages/sqlalchemy/orm/context.py", line 306, in orm_execute_statement
    result = conn.execute(
             ^^^^^^^^^^^^^
  File "/home/azureuser/repos/bolt_ok/mybot/venv/lib/python3.12/site-packages/sqlalchemy/engine/base.py", line 1419, in execute
    return meth(
           ^^^^^
  File "/home/azureuser/repos/bolt_ok/mybot/venv/lib/python3.12/site-packages/sqlalchemy/sql/elements.py", line 526, in _execute_on_connection
    return connection._execute_clauseelement(
           ^^^^^^^^^^^^^^^^^^^^^^^^^^^^^^^^^^
  File "/home/azureuser/repos/bolt_ok/mybot/venv/lib/python3.12/site-packages/sqlalchemy/engine/base.py", line 1633, in _execute_clauseelement
    compiled_sql, extracted_params, cache_hit = elem._compile_w_cache(
                                                ^^^^^^^^^^^^^^^^^^^^^^
  File "/home/azureuser/repos/bolt_ok/mybot/venv/lib/python3.12/site-packages/sqlalchemy/sql/elements.py", line 715, in _compile_w_cache
    compiled_sql = self._compiler(
                   ^^^^^^^^^^^^^^^
  File "/home/azureuser/repos/bolt_ok/mybot/venv/lib/python3.12/site-packages/sqlalchemy/sql/elements.py", line 323, in _compiler
    return dialect.statement_compiler(dialect, self, **kw)
           ^^^^^^^^^^^^^^^^^^^^^^^^^^^^^^^^^^^^^^^^^^^^^^^
  File "/home/azureuser/repos/bolt_ok/mybot/venv/lib/python3.12/site-packages/sqlalchemy/sql/compiler.py", line 1446, in __init__
    Compiled.__init__(self, dialect, statement, **kwargs)
  File "/home/azureuser/repos/bolt_ok/mybot/venv/lib/python3.12/site-packages/sqlalchemy/sql/compiler.py", line 886, in __init__
    self.string = self.process(self.statement, **compile_kwargs)
                  ^^^^^^^^^^^^^^^^^^^^^^^^^^^^^^^^^^^^^^^^^^^^^^
  File "/home/azureuser/repos/bolt_ok/mybot/venv/lib/python3.12/site-packages/sqlalchemy/sql/compiler.py", line 932, in process
    return obj._compiler_dispatch(self, **kwargs)
           ^^^^^^^^^^^^^^^^^^^^^^^^^^^^^^^^^^^^^^
  File "/home/azureuser/repos/bolt_ok/mybot/venv/lib/python3.12/site-packages/sqlalchemy/sql/visitors.py", line 138, in _compiler_dispatch
    return meth(self, **kw)  # type: ignore  # noqa: E501
           ^^^^^^^^^^^^^^^^
  File "/home/azureuser/repos/bolt_ok/mybot/venv/lib/python3.12/site-packages/sqlalchemy/sql/compiler.py", line 4781, in visit_select
    compile_state = select_stmt._compile_state_factory(
                    ^^^^^^^^^^^^^^^^^^^^^^^^^^^^^^^^^^^
  File "/home/azureuser/repos/bolt_ok/mybot/venv/lib/python3.12/site-packages/sqlalchemy/sql/base.py", line 701, in create_for_statement
    return klass.create_for_statement(statement, compiler, **kw)
           ^^^^^^^^^^^^^^^^^^^^^^^^^^^^^^^^^^^^^^^^^^^^^^^^^^^^^
  File "/home/azureuser/repos/bolt_ok/mybot/venv/lib/python3.12/site-packages/sqlalchemy/orm/context.py", line 447, in create_for_statement
    return cls._create_orm_context(
           ^^^^^^^^^^^^^^^^^^^^^^^^
  File "/home/azureuser/repos/bolt_ok/mybot/venv/lib/python3.12/site-packages/sqlalchemy/orm/context.py", line 1175, in _create_orm_context
    _QueryEntity.to_compile_state(
  File "/home/azureuser/repos/bolt_ok/mybot/venv/lib/python3.12/site-packages/sqlalchemy/orm/context.py", line 2628, in to_compile_state
    _MapperEntity(
  File "/home/azureuser/repos/bolt_ok/mybot/venv/lib/python3.12/site-packages/sqlalchemy/orm/context.py", line 2708, in __init__
    entity._post_inspect
  File "/home/azureuser/repos/bolt_ok/mybot/venv/lib/python3.12/site-packages/sqlalchemy/util/langhelpers.py", line 1338, in __get__
    obj.__dict__[self.__name__] = result = self.fget(obj)
                                           ^^^^^^^^^^^^^^
  File "/home/azureuser/repos/bolt_ok/mybot/venv/lib/python3.12/site-packages/sqlalchemy/orm/mapper.py", line 2724, in _post_inspect
    self._check_configure()
  File "/home/azureuser/repos/bolt_ok/mybot/venv/lib/python3.12/site-packages/sqlalchemy/orm/mapper.py", line 2401, in _check_configure
    _configure_registries({self.registry}, cascade=True)
  File "/home/azureuser/repos/bolt_ok/mybot/venv/lib/python3.12/site-packages/sqlalchemy/orm/mapper.py", line 4218, in _configure_registries
    _do_configure_registries(registries, cascade)
  File "/home/azureuser/repos/bolt_ok/mybot/venv/lib/python3.12/site-packages/sqlalchemy/orm/mapper.py", line 4259, in _do_configure_registries
    mapper._post_configure_properties()
  File "/home/azureuser/repos/bolt_ok/mybot/venv/lib/python3.12/site-packages/sqlalchemy/orm/mapper.py", line 2418, in _post_configure_properties
    prop.init()
  File "/home/azureuser/repos/bolt_ok/mybot/venv/lib/python3.12/site-packages/sqlalchemy/orm/interfaces.py", line 595, in init
    self.do_init()
  File "/home/azureuser/repos/bolt_ok/mybot/venv/lib/python3.12/site-packages/sqlalchemy/orm/relationships.py", line 1660, in do_init
    self._generate_backref()
  File "/home/azureuser/repos/bolt_ok/mybot/venv/lib/python3.12/site-packages/sqlalchemy/orm/relationships.py", line 2144, in _generate_backref
    self._add_reverse_property(self.back_populates)
  File "/home/azureuser/repos/bolt_ok/mybot/venv/lib/python3.12/site-packages/sqlalchemy/orm/relationships.py", line 1591, in _add_reverse_property
    other = self.mapper.get_property(key, _configure_mappers=False)
            ^^^^^^^^^^^^^^^^^^^^^^^^^^^^^^^^^^^^^^^^^^^^^^^^^^^^^^^
  File "/home/azureuser/repos/bolt_ok/mybot/venv/lib/python3.12/site-packages/sqlalchemy/orm/mapper.py", line 2524, in get_property
    raise sa_exc.InvalidRequestError(
sqlalchemy.exc.InvalidRequestError: Mapper 'Mapper[Achievement(achievements)]' has no property 'story_fragments'.  If this property was indicated from other mappers or configure events, ensure registry.configure() has been called.
2025-09-11 23:25:59,812 - root - ERROR - channel_request_scheduler:43 - Unhandled error in channel request scheduler
Traceback (most recent call last):
  File "/home/azureuser/repos/bolt_ok/mybot/services/scheduler.py", line 32, in channel_request_scheduler
    await run_channel_request_check(bot, session_factory)
  File "/home/azureuser/repos/bolt_ok/mybot/services/scheduler.py", line 20, in run_channel_request_check
    processed_count = await free_service.process_pending_requests()
                      ^^^^^^^^^^^^^^^^^^^^^^^^^^^^^^^^^^^^^^^^^^^^^
  File "/home/azureuser/repos/bolt_ok/mybot/services/free_channel_service.py", line 163, in process_pending_requests
    wait_minutes = await self.get_wait_time_minutes()
                   ^^^^^^^^^^^^^^^^^^^^^^^^^^^^^^^^^^
  File "/home/azureuser/repos/bolt_ok/mybot/services/free_channel_service.py", line 58, in get_wait_time_minutes
    config = await self.session.get(BotConfig, 1)
             ^^^^^^^^^^^^^^^^^^^^^^^^^^^^^^^^^^^^
  File "/home/azureuser/repos/bolt_ok/mybot/venv/lib/python3.12/site-packages/sqlalchemy/ext/asyncio/session.py", line 606, in get
    return await greenlet_spawn(
           ^^^^^^^^^^^^^^^^^^^^^
  File "/home/azureuser/repos/bolt_ok/mybot/venv/lib/python3.12/site-packages/sqlalchemy/util/_concurrency_py3k.py", line 203, in greenlet_spawn
    result = context.switch(value)
             ^^^^^^^^^^^^^^^^^^^^^
  File "/home/azureuser/repos/bolt_ok/mybot/venv/lib/python3.12/site-packages/sqlalchemy/orm/session.py", line 3694, in get
    return self._get_impl(
           ^^^^^^^^^^^^^^^
  File "/home/azureuser/repos/bolt_ok/mybot/venv/lib/python3.12/site-packages/sqlalchemy/orm/session.py", line 3873, in _get_impl
    return db_load_fn(
           ^^^^^^^^^^^
  File "/home/azureuser/repos/bolt_ok/mybot/venv/lib/python3.12/site-packages/sqlalchemy/orm/loading.py", line 695, in load_on_pk_identity
    session.execute(
  File "/home/azureuser/repos/bolt_ok/mybot/venv/lib/python3.12/site-packages/sqlalchemy/orm/session.py", line 2365, in execute
    return self._execute_internal(
           ^^^^^^^^^^^^^^^^^^^^^^^
  File "/home/azureuser/repos/bolt_ok/mybot/venv/lib/python3.12/site-packages/sqlalchemy/orm/session.py", line 2251, in _execute_internal
    result: Result[Any] = compile_state_cls.orm_execute_statement(
                          ^^^^^^^^^^^^^^^^^^^^^^^^^^^^^^^^^^^^^^^^
  File "/home/azureuser/repos/bolt_ok/mybot/venv/lib/python3.12/site-packages/sqlalchemy/orm/context.py", line 306, in orm_execute_statement
    result = conn.execute(
             ^^^^^^^^^^^^^
  File "/home/azureuser/repos/bolt_ok/mybot/venv/lib/python3.12/site-packages/sqlalchemy/engine/base.py", line 1419, in execute
    return meth(
           ^^^^^
  File "/home/azureuser/repos/bolt_ok/mybot/venv/lib/python3.12/site-packages/sqlalchemy/sql/elements.py", line 526, in _execute_on_connection
    return connection._execute_clauseelement(
           ^^^^^^^^^^^^^^^^^^^^^^^^^^^^^^^^^^
  File "/home/azureuser/repos/bolt_ok/mybot/venv/lib/python3.12/site-packages/sqlalchemy/engine/base.py", line 1633, in _execute_clauseelement
    compiled_sql, extracted_params, cache_hit = elem._compile_w_cache(
                                                ^^^^^^^^^^^^^^^^^^^^^^
  File "/home/azureuser/repos/bolt_ok/mybot/venv/lib/python3.12/site-packages/sqlalchemy/sql/elements.py", line 715, in _compile_w_cache
    compiled_sql = self._compiler(
                   ^^^^^^^^^^^^^^^
  File "/home/azureuser/repos/bolt_ok/mybot/venv/lib/python3.12/site-packages/sqlalchemy/sql/elements.py", line 323, in _compiler
    return dialect.statement_compiler(dialect, self, **kw)
           ^^^^^^^^^^^^^^^^^^^^^^^^^^^^^^^^^^^^^^^^^^^^^^^
  File "/home/azureuser/repos/bolt_ok/mybot/venv/lib/python3.12/site-packages/sqlalchemy/sql/compiler.py", line 1446, in __init__
    Compiled.__init__(self, dialect, statement, **kwargs)
  File "/home/azureuser/repos/bolt_ok/mybot/venv/lib/python3.12/site-packages/sqlalchemy/sql/compiler.py", line 886, in __init__
    self.string = self.process(self.statement, **compile_kwargs)
                  ^^^^^^^^^^^^^^^^^^^^^^^^^^^^^^^^^^^^^^^^^^^^^^
  File "/home/azureuser/repos/bolt_ok/mybot/venv/lib/python3.12/site-packages/sqlalchemy/sql/compiler.py", line 932, in process
    return obj._compiler_dispatch(self, **kwargs)
           ^^^^^^^^^^^^^^^^^^^^^^^^^^^^^^^^^^^^^^
  File "/home/azureuser/repos/bolt_ok/mybot/venv/lib/python3.12/site-packages/sqlalchemy/sql/visitors.py", line 138, in _compiler_dispatch
    return meth(self, **kw)  # type: ignore  # noqa: E501
           ^^^^^^^^^^^^^^^^
  File "/home/azureuser/repos/bolt_ok/mybot/venv/lib/python3.12/site-packages/sqlalchemy/sql/compiler.py", line 4781, in visit_select
    compile_state = select_stmt._compile_state_factory(
                    ^^^^^^^^^^^^^^^^^^^^^^^^^^^^^^^^^^^
  File "/home/azureuser/repos/bolt_ok/mybot/venv/lib/python3.12/site-packages/sqlalchemy/sql/base.py", line 701, in create_for_statement
    return klass.create_for_statement(statement, compiler, **kw)
           ^^^^^^^^^^^^^^^^^^^^^^^^^^^^^^^^^^^^^^^^^^^^^^^^^^^^^
  File "/home/azureuser/repos/bolt_ok/mybot/venv/lib/python3.12/site-packages/sqlalchemy/orm/context.py", line 447, in create_for_statement
    return cls._create_orm_context(
           ^^^^^^^^^^^^^^^^^^^^^^^^
  File "/home/azureuser/repos/bolt_ok/mybot/venv/lib/python3.12/site-packages/sqlalchemy/orm/context.py", line 1175, in _create_orm_context
    _QueryEntity.to_compile_state(
  File "/home/azureuser/repos/bolt_ok/mybot/venv/lib/python3.12/site-packages/sqlalchemy/orm/context.py", line 2628, in to_compile_state
    _MapperEntity(
  File "/home/azureuser/repos/bolt_ok/mybot/venv/lib/python3.12/site-packages/sqlalchemy/orm/context.py", line 2708, in __init__
    entity._post_inspect
  File "/home/azureuser/repos/bolt_ok/mybot/venv/lib/python3.12/site-packages/sqlalchemy/util/langhelpers.py", line 1338, in __get__
    obj.__dict__[self.__name__] = result = self.fget(obj)
                                           ^^^^^^^^^^^^^^
  File "/home/azureuser/repos/bolt_ok/mybot/venv/lib/python3.12/site-packages/sqlalchemy/orm/mapper.py", line 2724, in _post_inspect
    self._check_configure()
  File "/home/azureuser/repos/bolt_ok/mybot/venv/lib/python3.12/site-packages/sqlalchemy/orm/mapper.py", line 2401, in _check_configure
    _configure_registries({self.registry}, cascade=True)
  File "/home/azureuser/repos/bolt_ok/mybot/venv/lib/python3.12/site-packages/sqlalchemy/orm/mapper.py", line 4218, in _configure_registries
    _do_configure_registries(registries, cascade)
  File "/home/azureuser/repos/bolt_ok/mybot/venv/lib/python3.12/site-packages/sqlalchemy/orm/mapper.py", line 4255, in _do_configure_registries
    raise e
sqlalchemy.exc.InvalidRequestError: One or more mappers failed to initialize - can't proceed with initialization of other mappers. Triggering mapper: 'Mapper[StoryFragment(story_fragments)]'. Original exception was: Mapper 'Mapper[Achievement(achievements)]' has no property 'story_fragments'.  If this property was indicated from other mappers or configure events, ensure registry.configure() has been called.
2025-09-11 23:26:42,673 - __main__ - ERROR - global_error_handler:91 - Error en 978978067: InvalidRequestError: One or more mappers failed to initialize - can't proceed with initialization of other mappers. Triggering mapper: 'Mapper[StoryFragment(story_fragments)]'. Original exception was: Mapper 'Mapper[Achievement(achievements)]' has no property 'story_fragments'.  If this property was indicated from other mappers or configure events, ensure registry.configure() has been called.
Traceback (most recent call last):
  File "/home/azureuser/repos/bolt_ok/mybot/venv/lib/python3.12/site-packages/aiogram/dispatcher/middlewares/error.py", line 25, in __call__
    return await handler(event, data)
           ^^^^^^^^^^^^^^^^^^^^^^^^^^
  File "/home/azureuser/repos/bolt_ok/mybot/venv/lib/python3.12/site-packages/aiogram/dispatcher/middlewares/user_context.py", line 56, in __call__
    return await handler(event, data)
           ^^^^^^^^^^^^^^^^^^^^^^^^^^
  File "/home/azureuser/repos/bolt_ok/mybot/venv/lib/python3.12/site-packages/aiogram/fsm/middleware.py", line 42, in __call__
    return await handler(event, data)
           ^^^^^^^^^^^^^^^^^^^^^^^^^^
  File "/home/azureuser/repos/bolt_ok/mybot/bot.py", line 44, in __call__
    return await handler(event, data)
           ^^^^^^^^^^^^^^^^^^^^^^^^^^
  File "/home/azureuser/repos/bolt_ok/mybot/middlewares/user_middleware.py", line 37, in __call__
    user = await service.get_user(user_info.id)
           ^^^^^^^^^^^^^^^^^^^^^^^^^^^^^^^^^^^^
  File "/home/azureuser/repos/bolt_ok/mybot/services/user_service.py", line 16, in get_user
    return await self.session.get(User, telegram_id)
           ^^^^^^^^^^^^^^^^^^^^^^^^^^^^^^^^^^^^^^^^^
  File "/home/azureuser/repos/bolt_ok/mybot/venv/lib/python3.12/site-packages/sqlalchemy/ext/asyncio/session.py", line 606, in get
    return await greenlet_spawn(
           ^^^^^^^^^^^^^^^^^^^^^
  File "/home/azureuser/repos/bolt_ok/mybot/venv/lib/python3.12/site-packages/sqlalchemy/util/_concurrency_py3k.py", line 203, in greenlet_spawn
    result = context.switch(value)
             ^^^^^^^^^^^^^^^^^^^^^
  File "/home/azureuser/repos/bolt_ok/mybot/venv/lib/python3.12/site-packages/sqlalchemy/orm/session.py", line 3694, in get
    return self._get_impl(
           ^^^^^^^^^^^^^^^
  File "/home/azureuser/repos/bolt_ok/mybot/venv/lib/python3.12/site-packages/sqlalchemy/orm/session.py", line 3873, in _get_impl
    return db_load_fn(
           ^^^^^^^^^^^
  File "/home/azureuser/repos/bolt_ok/mybot/venv/lib/python3.12/site-packages/sqlalchemy/orm/loading.py", line 695, in load_on_pk_identity
    session.execute(
  File "/home/azureuser/repos/bolt_ok/mybot/venv/lib/python3.12/site-packages/sqlalchemy/orm/session.py", line 2365, in execute
    return self._execute_internal(
           ^^^^^^^^^^^^^^^^^^^^^^^
  File "/home/azureuser/repos/bolt_ok/mybot/venv/lib/python3.12/site-packages/sqlalchemy/orm/session.py", line 2251, in _execute_internal
    result: Result[Any] = compile_state_cls.orm_execute_statement(
                          ^^^^^^^^^^^^^^^^^^^^^^^^^^^^^^^^^^^^^^^^
  File "/home/azureuser/repos/bolt_ok/mybot/venv/lib/python3.12/site-packages/sqlalchemy/orm/context.py", line 306, in orm_execute_statement
    result = conn.execute(
             ^^^^^^^^^^^^^
  File "/home/azureuser/repos/bolt_ok/mybot/venv/lib/python3.12/site-packages/sqlalchemy/engine/base.py", line 1419, in execute
    return meth(
           ^^^^^
  File "/home/azureuser/repos/bolt_ok/mybot/venv/lib/python3.12/site-packages/sqlalchemy/sql/elements.py", line 526, in _execute_on_connection
    return connection._execute_clauseelement(
           ^^^^^^^^^^^^^^^^^^^^^^^^^^^^^^^^^^
  File "/home/azureuser/repos/bolt_ok/mybot/venv/lib/python3.12/site-packages/sqlalchemy/engine/base.py", line 1633, in _execute_clauseelement
    compiled_sql, extracted_params, cache_hit = elem._compile_w_cache(
                                                ^^^^^^^^^^^^^^^^^^^^^^
  File "/home/azureuser/repos/bolt_ok/mybot/venv/lib/python3.12/site-packages/sqlalchemy/sql/elements.py", line 715, in _compile_w_cache
    compiled_sql = self._compiler(
                   ^^^^^^^^^^^^^^^
  File "/home/azureuser/repos/bolt_ok/mybot/venv/lib/python3.12/site-packages/sqlalchemy/sql/elements.py", line 323, in _compiler
    return dialect.statement_compiler(dialect, self, **kw)
           ^^^^^^^^^^^^^^^^^^^^^^^^^^^^^^^^^^^^^^^^^^^^^^^
  File "/home/azureuser/repos/bolt_ok/mybot/venv/lib/python3.12/site-packages/sqlalchemy/sql/compiler.py", line 1446, in __init__
    Compiled.__init__(self, dialect, statement, **kwargs)
  File "/home/azureuser/repos/bolt_ok/mybot/venv/lib/python3.12/site-packages/sqlalchemy/sql/compiler.py", line 886, in __init__
    self.string = self.process(self.statement, **compile_kwargs)
                  ^^^^^^^^^^^^^^^^^^^^^^^^^^^^^^^^^^^^^^^^^^^^^^
  File "/home/azureuser/repos/bolt_ok/mybot/venv/lib/python3.12/site-packages/sqlalchemy/sql/compiler.py", line 932, in process
    return obj._compiler_dispatch(self, **kwargs)
           ^^^^^^^^^^^^^^^^^^^^^^^^^^^^^^^^^^^^^^
  File "/home/azureuser/repos/bolt_ok/mybot/venv/lib/python3.12/site-packages/sqlalchemy/sql/visitors.py", line 138, in _compiler_dispatch
    return meth(self, **kw)  # type: ignore  # noqa: E501
           ^^^^^^^^^^^^^^^^
  File "/home/azureuser/repos/bolt_ok/mybot/venv/lib/python3.12/site-packages/sqlalchemy/sql/compiler.py", line 4781, in visit_select
    compile_state = select_stmt._compile_state_factory(
                    ^^^^^^^^^^^^^^^^^^^^^^^^^^^^^^^^^^^
  File "/home/azureuser/repos/bolt_ok/mybot/venv/lib/python3.12/site-packages/sqlalchemy/sql/base.py", line 701, in create_for_statement
    return klass.create_for_statement(statement, compiler, **kw)
           ^^^^^^^^^^^^^^^^^^^^^^^^^^^^^^^^^^^^^^^^^^^^^^^^^^^^^
  File "/home/azureuser/repos/bolt_ok/mybot/venv/lib/python3.12/site-packages/sqlalchemy/orm/context.py", line 447, in create_for_statement
    return cls._create_orm_context(
           ^^^^^^^^^^^^^^^^^^^^^^^^
  File "/home/azureuser/repos/bolt_ok/mybot/venv/lib/python3.12/site-packages/sqlalchemy/orm/context.py", line 1175, in _create_orm_context
    _QueryEntity.to_compile_state(
  File "/home/azureuser/repos/bolt_ok/mybot/venv/lib/python3.12/site-packages/sqlalchemy/orm/context.py", line 2628, in to_compile_state
    _MapperEntity(
  File "/home/azureuser/repos/bolt_ok/mybot/venv/lib/python3.12/site-packages/sqlalchemy/orm/context.py", line 2708, in __init__
    entity._post_inspect
  File "/home/azureuser/repos/bolt_ok/mybot/venv/lib/python3.12/site-packages/sqlalchemy/util/langhelpers.py", line 1338, in __get__
    obj.__dict__[self.__name__] = result = self.fget(obj)
                                           ^^^^^^^^^^^^^^
  File "/home/azureuser/repos/bolt_ok/mybot/venv/lib/python3.12/site-packages/sqlalchemy/orm/mapper.py", line 2724, in _post_inspect
    self._check_configure()
  File "/home/azureuser/repos/bolt_ok/mybot/venv/lib/python3.12/site-packages/sqlalchemy/orm/mapper.py", line 2401, in _check_configure
    _configure_registries({self.registry}, cascade=True)
  File "/home/azureuser/repos/bolt_ok/mybot/venv/lib/python3.12/site-packages/sqlalchemy/orm/mapper.py", line 4218, in _configure_registries
    _do_configure_registries(registries, cascade)
  File "/home/azureuser/repos/bolt_ok/mybot/venv/lib/python3.12/site-packages/sqlalchemy/orm/mapper.py", line 4255, in _do_configure_registries
    raise e
sqlalchemy.exc.InvalidRequestError: One or more mappers failed to initialize - can't proceed with initialization of other mappers. Triggering mapper: 'Mapper[StoryFragment(story_fragments)]'. Original exception was: Mapper 'Mapper[Achievement(achievements)]' has no property 'story_fragments'.  If this property was indicated from other mappers or configure events, ensure registry.configure() has been called.
2025-09-11 23:26:51,760 - __main__ - ERROR - global_error_handler:91 - Error en 978978068: InvalidRequestError: One or more mappers failed to initialize - can't proceed with initialization of other mappers. Triggering mapper: 'Mapper[StoryFragment(story_fragments)]'. Original exception was: Mapper 'Mapper[Achievement(achievements)]' has no property 'story_fragments'.  If this property was indicated from other mappers or configure events, ensure registry.configure() has been called.
Traceback (most recent call last):
  File "/home/azureuser/repos/bolt_ok/mybot/venv/lib/python3.12/site-packages/aiogram/dispatcher/middlewares/error.py", line 25, in __call__
    return await handler(event, data)
           ^^^^^^^^^^^^^^^^^^^^^^^^^^
  File "/home/azureuser/repos/bolt_ok/mybot/venv/lib/python3.12/site-packages/aiogram/dispatcher/middlewares/user_context.py", line 56, in __call__
    return await handler(event, data)
           ^^^^^^^^^^^^^^^^^^^^^^^^^^
  File "/home/azureuser/repos/bolt_ok/mybot/venv/lib/python3.12/site-packages/aiogram/fsm/middleware.py", line 42, in __call__
    return await handler(event, data)
           ^^^^^^^^^^^^^^^^^^^^^^^^^^
  File "/home/azureuser/repos/bolt_ok/mybot/bot.py", line 44, in __call__
    return await handler(event, data)
           ^^^^^^^^^^^^^^^^^^^^^^^^^^
  File "/home/azureuser/repos/bolt_ok/mybot/middlewares/user_middleware.py", line 37, in __call__
    user = await service.get_user(user_info.id)
           ^^^^^^^^^^^^^^^^^^^^^^^^^^^^^^^^^^^^
  File "/home/azureuser/repos/bolt_ok/mybot/services/user_service.py", line 16, in get_user
    return await self.session.get(User, telegram_id)
           ^^^^^^^^^^^^^^^^^^^^^^^^^^^^^^^^^^^^^^^^^
  File "/home/azureuser/repos/bolt_ok/mybot/venv/lib/python3.12/site-packages/sqlalchemy/ext/asyncio/session.py", line 606, in get
    return await greenlet_spawn(
           ^^^^^^^^^^^^^^^^^^^^^
  File "/home/azureuser/repos/bolt_ok/mybot/venv/lib/python3.12/site-packages/sqlalchemy/util/_concurrency_py3k.py", line 203, in greenlet_spawn
    result = context.switch(value)
             ^^^^^^^^^^^^^^^^^^^^^
  File "/home/azureuser/repos/bolt_ok/mybot/venv/lib/python3.12/site-packages/sqlalchemy/orm/session.py", line 3694, in get
    return self._get_impl(
           ^^^^^^^^^^^^^^^
  File "/home/azureuser/repos/bolt_ok/mybot/venv/lib/python3.12/site-packages/sqlalchemy/orm/session.py", line 3873, in _get_impl
    return db_load_fn(
           ^^^^^^^^^^^
  File "/home/azureuser/repos/bolt_ok/mybot/venv/lib/python3.12/site-packages/sqlalchemy/orm/loading.py", line 695, in load_on_pk_identity
    session.execute(
  File "/home/azureuser/repos/bolt_ok/mybot/venv/lib/python3.12/site-packages/sqlalchemy/orm/session.py", line 2365, in execute
    return self._execute_internal(
           ^^^^^^^^^^^^^^^^^^^^^^^
  File "/home/azureuser/repos/bolt_ok/mybot/venv/lib/python3.12/site-packages/sqlalchemy/orm/session.py", line 2251, in _execute_internal
    result: Result[Any] = compile_state_cls.orm_execute_statement(
                          ^^^^^^^^^^^^^^^^^^^^^^^^^^^^^^^^^^^^^^^^
  File "/home/azureuser/repos/bolt_ok/mybot/venv/lib/python3.12/site-packages/sqlalchemy/orm/context.py", line 306, in orm_execute_statement
    result = conn.execute(
             ^^^^^^^^^^^^^
  File "/home/azureuser/repos/bolt_ok/mybot/venv/lib/python3.12/site-packages/sqlalchemy/engine/base.py", line 1419, in execute
    return meth(
           ^^^^^
  File "/home/azureuser/repos/bolt_ok/mybot/venv/lib/python3.12/site-packages/sqlalchemy/sql/elements.py", line 526, in _execute_on_connection
    return connection._execute_clauseelement(
           ^^^^^^^^^^^^^^^^^^^^^^^^^^^^^^^^^^
  File "/home/azureuser/repos/bolt_ok/mybot/venv/lib/python3.12/site-packages/sqlalchemy/engine/base.py", line 1633, in _execute_clauseelement
    compiled_sql, extracted_params, cache_hit = elem._compile_w_cache(
                                                ^^^^^^^^^^^^^^^^^^^^^^
  File "/home/azureuser/repos/bolt_ok/mybot/venv/lib/python3.12/site-packages/sqlalchemy/sql/elements.py", line 715, in _compile_w_cache
    compiled_sql = self._compiler(
                   ^^^^^^^^^^^^^^^
  File "/home/azureuser/repos/bolt_ok/mybot/venv/lib/python3.12/site-packages/sqlalchemy/sql/elements.py", line 323, in _compiler
    return dialect.statement_compiler(dialect, self, **kw)
           ^^^^^^^^^^^^^^^^^^^^^^^^^^^^^^^^^^^^^^^^^^^^^^^
  File "/home/azureuser/repos/bolt_ok/mybot/venv/lib/python3.12/site-packages/sqlalchemy/sql/compiler.py", line 1446, in __init__
    Compiled.__init__(self, dialect, statement, **kwargs)
  File "/home/azureuser/repos/bolt_ok/mybot/venv/lib/python3.12/site-packages/sqlalchemy/sql/compiler.py", line 886, in __init__
    self.string = self.process(self.statement, **compile_kwargs)
                  ^^^^^^^^^^^^^^^^^^^^^^^^^^^^^^^^^^^^^^^^^^^^^^
  File "/home/azureuser/repos/bolt_ok/mybot/venv/lib/python3.12/site-packages/sqlalchemy/sql/compiler.py", line 932, in process
    return obj._compiler_dispatch(self, **kwargs)
           ^^^^^^^^^^^^^^^^^^^^^^^^^^^^^^^^^^^^^^
  File "/home/azureuser/repos/bolt_ok/mybot/venv/lib/python3.12/site-packages/sqlalchemy/sql/visitors.py", line 138, in _compiler_dispatch
    return meth(self, **kw)  # type: ignore  # noqa: E501
           ^^^^^^^^^^^^^^^^
  File "/home/azureuser/repos/bolt_ok/mybot/venv/lib/python3.12/site-packages/sqlalchemy/sql/compiler.py", line 4781, in visit_select
    compile_state = select_stmt._compile_state_factory(
                    ^^^^^^^^^^^^^^^^^^^^^^^^^^^^^^^^^^^
  File "/home/azureuser/repos/bolt_ok/mybot/venv/lib/python3.12/site-packages/sqlalchemy/sql/base.py", line 701, in create_for_statement
    return klass.create_for_statement(statement, compiler, **kw)
           ^^^^^^^^^^^^^^^^^^^^^^^^^^^^^^^^^^^^^^^^^^^^^^^^^^^^^
  File "/home/azureuser/repos/bolt_ok/mybot/venv/lib/python3.12/site-packages/sqlalchemy/orm/context.py", line 447, in create_for_statement
    return cls._create_orm_context(
           ^^^^^^^^^^^^^^^^^^^^^^^^
  File "/home/azureuser/repos/bolt_ok/mybot/venv/lib/python3.12/site-packages/sqlalchemy/orm/context.py", line 1175, in _create_orm_context
    _QueryEntity.to_compile_state(
  File "/home/azureuser/repos/bolt_ok/mybot/venv/lib/python3.12/site-packages/sqlalchemy/orm/context.py", line 2628, in to_compile_state
    _MapperEntity(
  File "/home/azureuser/repos/bolt_ok/mybot/venv/lib/python3.12/site-packages/sqlalchemy/orm/context.py", line 2708, in __init__
    entity._post_inspect
  File "/home/azureuser/repos/bolt_ok/mybot/venv/lib/python3.12/site-packages/sqlalchemy/util/langhelpers.py", line 1338, in __get__
    obj.__dict__[self.__name__] = result = self.fget(obj)
                                           ^^^^^^^^^^^^^^
  File "/home/azureuser/repos/bolt_ok/mybot/venv/lib/python3.12/site-packages/sqlalchemy/orm/mapper.py", line 2724, in _post_inspect
    self._check_configure()
  File "/home/azureuser/repos/bolt_ok/mybot/venv/lib/python3.12/site-packages/sqlalchemy/orm/mapper.py", line 2401, in _check_configure
    _configure_registries({self.registry}, cascade=True)
  File "/home/azureuser/repos/bolt_ok/mybot/venv/lib/python3.12/site-packages/sqlalchemy/orm/mapper.py", line 4218, in _configure_registries
    _do_configure_registries(registries, cascade)
  File "/home/azureuser/repos/bolt_ok/mybot/venv/lib/python3.12/site-packages/sqlalchemy/orm/mapper.py", line 4255, in _do_configure_registries
    raise e
sqlalchemy.exc.InvalidRequestError: One or more mappers failed to initialize - can't proceed with initialization of other mappers. Triggering mapper: 'Mapper[StoryFragment(story_fragments)]'. Original exception was: Mapper 'Mapper[Achievement(achievements)]' has no property 'story_fragments'.  If this property was indicated from other mappers or configure events, ensure registry.configure() has been called.
2025-09-11 23:26:59,814 - root - ERROR - run_auction_monitor_check:172 - Error in auction monitor check: One or more mappers failed to initialize - can't proceed with initialization of other mappers. Triggering mapper: 'Mapper[StoryFragment(story_fragments)]'. Original exception was: Mapper 'Mapper[Achievement(achievements)]' has no property 'story_fragments'.  If this property was indicated from other mappers or configure events, ensure registry.configure() has been called.
Traceback (most recent call last):
  File "/home/azureuser/repos/bolt_ok/mybot/services/scheduler.py", line 168, in run_auction_monitor_check
    expired_auctions = await auction_service.check_expired_auctions(bot)
                       ^^^^^^^^^^^^^^^^^^^^^^^^^^^^^^^^^^^^^^^^^^^^^^^^^
  File "/home/azureuser/repos/bolt_ok/mybot/services/auction_service.py", line 304, in check_expired_auctions
    result = await self.session.execute(stmt)
             ^^^^^^^^^^^^^^^^^^^^^^^^^^^^^^^^
  File "/home/azureuser/repos/bolt_ok/mybot/venv/lib/python3.12/site-packages/sqlalchemy/ext/asyncio/session.py", line 463, in execute
    result = await greenlet_spawn(
             ^^^^^^^^^^^^^^^^^^^^^
  File "/home/azureuser/repos/bolt_ok/mybot/venv/lib/python3.12/site-packages/sqlalchemy/util/_concurrency_py3k.py", line 203, in greenlet_spawn
    result = context.switch(value)
             ^^^^^^^^^^^^^^^^^^^^^
  File "/home/azureuser/repos/bolt_ok/mybot/venv/lib/python3.12/site-packages/sqlalchemy/orm/session.py", line 2365, in execute
    return self._execute_internal(
           ^^^^^^^^^^^^^^^^^^^^^^^
  File "/home/azureuser/repos/bolt_ok/mybot/venv/lib/python3.12/site-packages/sqlalchemy/orm/session.py", line 2251, in _execute_internal
    result: Result[Any] = compile_state_cls.orm_execute_statement(
                          ^^^^^^^^^^^^^^^^^^^^^^^^^^^^^^^^^^^^^^^^
  File "/home/azureuser/repos/bolt_ok/mybot/venv/lib/python3.12/site-packages/sqlalchemy/orm/context.py", line 306, in orm_execute_statement
    result = conn.execute(
             ^^^^^^^^^^^^^
  File "/home/azureuser/repos/bolt_ok/mybot/venv/lib/python3.12/site-packages/sqlalchemy/engine/base.py", line 1419, in execute
    return meth(
           ^^^^^
  File "/home/azureuser/repos/bolt_ok/mybot/venv/lib/python3.12/site-packages/sqlalchemy/sql/elements.py", line 526, in _execute_on_connection
    return connection._execute_clauseelement(
           ^^^^^^^^^^^^^^^^^^^^^^^^^^^^^^^^^^
  File "/home/azureuser/repos/bolt_ok/mybot/venv/lib/python3.12/site-packages/sqlalchemy/engine/base.py", line 1633, in _execute_clauseelement
    compiled_sql, extracted_params, cache_hit = elem._compile_w_cache(
                                                ^^^^^^^^^^^^^^^^^^^^^^
  File "/home/azureuser/repos/bolt_ok/mybot/venv/lib/python3.12/site-packages/sqlalchemy/sql/elements.py", line 715, in _compile_w_cache
    compiled_sql = self._compiler(
                   ^^^^^^^^^^^^^^^
  File "/home/azureuser/repos/bolt_ok/mybot/venv/lib/python3.12/site-packages/sqlalchemy/sql/elements.py", line 323, in _compiler
    return dialect.statement_compiler(dialect, self, **kw)
           ^^^^^^^^^^^^^^^^^^^^^^^^^^^^^^^^^^^^^^^^^^^^^^^
  File "/home/azureuser/repos/bolt_ok/mybot/venv/lib/python3.12/site-packages/sqlalchemy/sql/compiler.py", line 1446, in __init__
    Compiled.__init__(self, dialect, statement, **kwargs)
  File "/home/azureuser/repos/bolt_ok/mybot/venv/lib/python3.12/site-packages/sqlalchemy/sql/compiler.py", line 886, in __init__
    self.string = self.process(self.statement, **compile_kwargs)
                  ^^^^^^^^^^^^^^^^^^^^^^^^^^^^^^^^^^^^^^^^^^^^^^
  File "/home/azureuser/repos/bolt_ok/mybot/venv/lib/python3.12/site-packages/sqlalchemy/sql/compiler.py", line 932, in process
    return obj._compiler_dispatch(self, **kwargs)
           ^^^^^^^^^^^^^^^^^^^^^^^^^^^^^^^^^^^^^^
  File "/home/azureuser/repos/bolt_ok/mybot/venv/lib/python3.12/site-packages/sqlalchemy/sql/visitors.py", line 138, in _compiler_dispatch
    return meth(self, **kw)  # type: ignore  # noqa: E501
           ^^^^^^^^^^^^^^^^
  File "/home/azureuser/repos/bolt_ok/mybot/venv/lib/python3.12/site-packages/sqlalchemy/sql/compiler.py", line 4781, in visit_select
    compile_state = select_stmt._compile_state_factory(
                    ^^^^^^^^^^^^^^^^^^^^^^^^^^^^^^^^^^^
  File "/home/azureuser/repos/bolt_ok/mybot/venv/lib/python3.12/site-packages/sqlalchemy/sql/base.py", line 701, in create_for_statement
    return klass.create_for_statement(statement, compiler, **kw)
           ^^^^^^^^^^^^^^^^^^^^^^^^^^^^^^^^^^^^^^^^^^^^^^^^^^^^^
  File "/home/azureuser/repos/bolt_ok/mybot/venv/lib/python3.12/site-packages/sqlalchemy/orm/context.py", line 447, in create_for_statement
    return cls._create_orm_context(
           ^^^^^^^^^^^^^^^^^^^^^^^^
  File "/home/azureuser/repos/bolt_ok/mybot/venv/lib/python3.12/site-packages/sqlalchemy/orm/context.py", line 1175, in _create_orm_context
    _QueryEntity.to_compile_state(
  File "/home/azureuser/repos/bolt_ok/mybot/venv/lib/python3.12/site-packages/sqlalchemy/orm/context.py", line 2628, in to_compile_state
    _MapperEntity(
  File "/home/azureuser/repos/bolt_ok/mybot/venv/lib/python3.12/site-packages/sqlalchemy/orm/context.py", line 2708, in __init__
    entity._post_inspect
  File "/home/azureuser/repos/bolt_ok/mybot/venv/lib/python3.12/site-packages/sqlalchemy/util/langhelpers.py", line 1338, in __get__
    obj.__dict__[self.__name__] = result = self.fget(obj)
                                           ^^^^^^^^^^^^^^
  File "/home/azureuser/repos/bolt_ok/mybot/venv/lib/python3.12/site-packages/sqlalchemy/orm/mapper.py", line 2724, in _post_inspect
    self._check_configure()
  File "/home/azureuser/repos/bolt_ok/mybot/venv/lib/python3.12/site-packages/sqlalchemy/orm/mapper.py", line 2401, in _check_configure
    _configure_registries({self.registry}, cascade=True)
  File "/home/azureuser/repos/bolt_ok/mybot/venv/lib/python3.12/site-packages/sqlalchemy/orm/mapper.py", line 4218, in _configure_registries
    _do_configure_registries(registries, cascade)
  File "/home/azureuser/repos/bolt_ok/mybot/venv/lib/python3.12/site-packages/sqlalchemy/orm/mapper.py", line 4255, in _do_configure_registries
    raise e
sqlalchemy.exc.InvalidRequestError: One or more mappers failed to initialize - can't proceed with initialization of other mappers. Triggering mapper: 'Mapper[StoryFragment(story_fragments)]'. Original exception was: Mapper 'Mapper[Achievement(achievements)]' has no property 'story_fragments'.  If this property was indicated from other mappers or configure events, ensure registry.configure() has been called.
2025-09-11 23:27:32,511 - aiogram.dispatcher - WARNING - _signal_stop_polling:491 - Received SIGINT signal
2025-09-11 23:27:32,763 - __main__ - INFO - main:249 - Cerrando bot...
2025-09-11 23:27:32,764 - root - INFO - shutdown:128 - Cerrando tareas en segundo plano...
2025-09-11 23:27:32,764 - root - INFO - auction_monitor_scheduler:184 - Auction monitor scheduler cancelled
2025-09-11 23:27:32,764 - root - INFO - safe_task:117 - Tarea auction_monitor cancelada
2025-09-11 23:27:32,764 - root - INFO - free_channel_cleanup_scheduler:211 - Free channel cleanup scheduler cancelled
2025-09-11 23:27:32,764 - root - INFO - safe_task:117 - Tarea channel_cleanup cancelada
2025-09-11 23:27:32,764 - root - INFO - shutdown:137 - Todas las tareas cerradas
